PK_CLIENTES;customer_key;address_number;customer
1bb5aa8a7eb147ef991dfabfb17f9dff49a3ffbd4f2205c644d63bff1aceafa3;10006862;10006862;BL Supermarket
669d105c92d8f813ce953a58842a81e1f09b7a4e9694affe69ffe047eff04d5b;10018146;10018146;J.M. Supermarket
d044938165e666e13ec0074572d7c6c528a1727ca28af62d087a9642396406c9;10022168;10022168;QualServe Shop
40b7f450d049a21d92e63aa349b230d42705bbdf9f0494cfef391ca400986705;10016113;10016113;Hill Supermarket
3ba7060a5574ea48a320313940765956afd915081ec831f1f708601b1401d219;10009669;10009669;De Store
5813a29ec1fbe8942fd6b742a4ea2775f6d019ece8c3de43e34c7bd3e9a208fd;10019420;10019420;Keystroke Market
4b0deeaa85b9b8e32b261694155fa246dce45609a114acbf9d6b851b05df1674;10011600;10011600;FCS Shop
aa2322141a8c855cbc83d889b1b75a1bdcf25ffd2b7960a95ae5d20031305e3f;10013252;10013252;Gate Shop
3ac506dce50772493d70a86ca21ae38e505edcc775a3db7a078d730f6a16ea11;10006037;10006037;Bigelow Store
dc7746b065c66ac3b2042be2e7246e82aa84ed47a0ad40b43ca880f24172d36c;10020927;10020927;Outbreak Shop
157efdf13abb56c830dab4267615a32645c648a757d66fcb93f81be6ca52e192;10002240;10002240;ACS Shop
3b686098dead240fac0d36abafa06fd0b32389e5c605b1aab88a652511e1343d;10000469;10000469;A-2-Z Supermarket
9b8805103f7e8ded0ef498331c1f5d2f925545a438fabd0972eed735193778ff;10011398;10011398;Ethyl Store
192b8e201fb8eb12a2a99561cec2c155176dd25b806083be98087087d5181075;10018518;10018518;K Shop
9c07fac7c2844013b24e08fc02fe0b5b5519bd174efb680b1888eba998e2fa90;10010923;10010923;Edmark Shop
5bc5f31bce9b92002fb403d1b98275dc09a76297f95238bf9f13940979dbf348;10019682;10019682;Lamson Store
14765aa71bfc41a3c9e5f19f6e0c218fd7b1ebe00884b0ba2a7b58576bd7e93a;10013472;10013472;GE Market
2f0ec2839da11bcb05105cc6aa0135d5f1f358952a6fe5f3b8a1612f6e137ff7;10023003;10023003;Remedy Shop
8920d568e27852c52df3beb2b6e24d35ac6291fd1bb7191f2084e23cd10c578f;10025288;10025288;Transylvania Supermarket
9bb839e75f277d61e55f8380cf7f4cb3c4603a9520e8971e926c237dfc723dcd;10018628;10018628;K.C. Supermarket
ae4218bc661aba369dbe5f22e21776d0cc0fad6ee476de9dd3840c5ee37063e8;10020266;10020266;Maxwell Supermarket
5abe6fa13908e56e11be424b877ce9e3a12d678cdabd1a72e5aa4268544e664d;10007536;10007536;Calypso Maxi Store
b2ec0358edddffe023db8ee6396d7cebdbc408a527552eae37e938ead5650c12;10020184;10020184;Matradi Megastore
dbc5b26e6c560d784f6522520c4ebdc1f37b2bef756f1f89e5aaea582e659962;10025583;10025583;United Market
5cb5eb27b27c1def2ad2413b03df8c76785810c5044afe6933ca2fb8e0541373;10020247;10020247;MAXSTRAT Shop
10014cf4fc02f6b0ad5e3e0f45268ea7bc8f47d87868951a49461abbaca46904;10019879;10019879;Litton Shop
5d33e74b81df16c00307b8a25b6635ee81eb8f79f0d147e516dfc9a871467776;10020684;10020684;Oklahoma Supermarket
61436120b2a383715fe4f453e85eb5f9d29c77e1f83bb69fd27d879124440b2d;10011981;10011981;FIBERWORKS Shop
3ad0d617a00ad33f5b87e0f4ac1adf1bb2d6327ad04a0fd71f99e67048803e18;10025558;10025558;Unisys Shop
7d0243a6f6c0f0483a139476a84e1d4c85b2c0dd3e7b93551d422d22bd0286c5;10009623;10009623;Chas Market
adb1f9dca5f3b70af91c8e93e6f35d65d67dfa9a3c9fe1ae4a1602386785167b;10015253;10015253;Hekimian Store
96c22b5011d3b43d49ca84075e5acb0c3913b26418dadd2b1b0abbab6ac7d9cf;10000474;10000474;A-ARVIN Store
bda93aa553c8e5420f711f20b9f387426e93c31c999b91e96fb72da8c0a2f793;10012885;10012885;Gainunion Shop
73667f8cf504f2bb4e3bae8a1d2e21c7772fcd0565a3a62c5f9f5b73e9dc9afc;10025243;10025243;Teca-Print Shop
0cd7a7caf990e296c565b740aa0a1eb1e3603210c7142597b583343de7c04328;10006846;10006846;Bizmarts Shop
589ca190f3e2017ed64036948ba103384982ed6ba845f45076efc6939c30c446;10005236;10005236;BH Supermarket
9823aa49840874598be7ebdce0cd956ef6374fe03b1a2adbf8b826d6119115ac;10020639;10020639;NECX Market
0cf4a4dba5292ae43ce737a6ed2b9fa27131010fe39ec2234ce36b001ef486e2;10010698;10010698;Earth Shop
13f43566d63425bc63ccc2206f95c0e2577e67d1de85554be9fd427d401c9b31;10025267;10025267;Todd Supermarket
63c3e347e796765ddf95dc2bf42b0c77c9e2603f13b3bde13cc98ea434177a26;10007123;10007123;C Supermarket
d952dfe10f3b233576fa24b3c6a05940ff7a21548d52462bbeb1a583c7784aa2;10020907;10020907;Onebox Shop
55e01f7e6a6fb54d5bfaaa0c07dcdc3e8287bc1e1cd008283962bc0e1b8b944c;10000497;10000497;Abplus Shop
ebdd7cd741c9065228b7f14a88a4a52045a3bee013b104885bc8249699e73e17;10025086;10025086;Tartanchase Shop
899b118afbd768b17b97d0230c44a8c92e3f6ee33bf38b81e47e77bf77529aea;10009660;10009660;DDR Shop
efa0a56b581e46bfacf78f00431e062404b29095a9e0d6efd122f01bfe1a4932;10024006;10024006;ScotGold Market
f8c2560fa3536fcdf8e9716741dcc7d8c5796fae7851422aaf1c1f979a47ef44;10027082;10027082;ySecret Shop
def829643387ee24d6d05e2ff78d071eb98775d95e3aa7f09c1c80e04b301f4a;10021472;10021472;Parabole Shop
017dc246c9da27b99bd751455c8eab9f04a469df57d46df0e16bec8e2e84e0df;10024477;10024477;Smith Supermarket
8e190c18e88f26137bcca3d669bbed1f9d04c2efd8cf93ee5f5fce16f0297535;10021145;10021145;Pacel Shop
5afe234b7a36b3464fdfccc635e5c70f27da91b9993749fa6983d677cc3326ab;10009907;10009907;Del Supermarket
bf9ec0d5c635be06c8adabff13bce7ff2cadef5f311147f623476c039beaf664;10020982;10020982;Outsource Store
862939028b045cb62f56d9ae156d559dae0cff414c6da1497784ca48ef9519c8;10024880;10024880;Sun Supermarket
8c6b8c736ac7320149f03d58af818fa9b88dbacad1a4101139235925cf514269;10025296;10025296;Trust Supermarket
e7e4b730d2425c0ff8a01cddcf51c7bc189e0dd7c921c323de68b40d3ee5ea45;10013011;10013011;Gamacles Shop
05e114084aaf5627942cbaa42758b788175e23103c7b379d2c692f4a74d7cad0;10013871;10013871;Grove Supermarket
710f3eabdf00f65a64df0616f64ef8ddc17c400ae95d59a7a34c0f76f710dc1a;10022450;10022450;R2J2 Shop
55564ff94ce3875d92d6a5931628a8c608304f716804c8a6b23d5bf800dd71ff;10014047;10014047;Gulf Market
17f1303b480558f5d343e7a54e2b48d9f26593f5d76e333f3dca6f1ac149a9e7;10023244;10023244;Revolutionary Supermarket
7dbe420687857c91c74255fd5341c24f53cf4184eb30cfaeb870d98b20dd1084;10017314;10017314;Idyllwild Shop
3a8f83f362cdf82bb14dcde827228cff1094532a36993f5299a78ebb95987813;10025284;10025284;Towmotor Supermarket
43d186fd5fd0de17264e3345d7bb7078d15a814c1dd617170b9c3783f83eb608;10007309;10007309;Cadtex Shop
b5d34c40cf8ef0af30a3e0271fb1daea97a66b2faa2f4ed0d79e932989bedeb5;10022490;10022490;Racal-Datacom Shop
bd680bddd088859eebec22610050e49a2fb6b3202b68b94fd78da929dc225d2a;10009642;10009642;David Store
48b16258d5fcc6f18b0eab4660197f861945a88e846f1a16dea3f08526842107;10012234;10012234;Filmotype Shop
5c8f0148a2eee9e4369526c7a5c9bb89ce36c51c3f49b50d6c08386b87892c01;10026078;10026078;Venred Shop
295b31dd324a05ec317cb43281b63da56c1f89520765fd03a62de2b29db6b906;10024499;10024499;Soloman Market
c32e270342a94ad94bc3224da35677f8217c58f85288ee25d595f29c619d5ce8;10012328;10012328;Finder Shop
4279b8e2c6923396ae495c448aacfef5a7fd45daa0fd4bc02d6d63867814e97d;10017054;10017054;Icon Market
96898cf5d90b93a8014029e276196cea784066a261fd4a815d2d5abb29b2153d;10002144;10002144;ACCUCOMP Shop
f69107582fe6b494f0a8bee910855a7ee5d773d2893b6dc653904eddea18e554;10023513;10023513;Sagent Shop
188096682c2d5f0a128fdd879bb851fd57ea2cd61a56aaef13e2de44bb54dbbb;10021986;10021986;Pinnacle Supermarket
28afd596aa3a5125150caa9c90928f5cd02bf00166d0319014220e8820c9a6e5;10002155;10002155;ACES Supermarket
d7d448e04f165629efd086704423eebfa21dae716f7a154c121a695b2b70c378;10019812;10019812;Lewis Supermarket
23d4ba32be68b87f09b1b76e6c7104e3b33bab6ecbb5b1961ad34d33b946c7ac;10017576;10017576;Illuminati Shop
2b5adb6d531397cc8ba139fd46ae6e068694a21956c9fb6f18123c55522ccf1d;10003795;10003795;Bechtel Supermarket
7b8d7dda3ae94244ae260aa1d88f48f7570f2af6d3c2ff10507d02909eb1854b;10009662;10009662;De Store
687568f5884efc7491a94ecdc53f83ebb73d0ee2f506d6e89abb3750d861dbd6;10021415;10021415;Pantech Supermarket
30c7bc30c7852f7689fa4ec75d2a02f52d6f9c16b9b13da2c02200af8c4bd4c8;10017290;10017290;Id Shop
60ef063e08535396e3afa842a6e993483445e5c913a04b38f2391bc9eb026f28;10013232;10013232;Garza Supermarket
84c9fa7ba2863fdcd8414872b0c4588e319abe2e49e5b43d700c5943caa93a10;10011821;10011821;FenP Supermarket
c467d0048bf709389de654e70dc64e7cd9e1b81ee3d39fedbfa2c8cf3d9e6fe9;10021331;10021331;Palo Supermarket
bee0c08357a4c63525bdfb0a43e74b4a64eec9c1c358cf76df891edb966f9a88;10025289;10025289;Tredegar Market
2bb8d7dc70cb6d3fce0a84ded526dd03b3f389999e82fe2dd162b4325108f054;10002746;10002746;Active Supermarket
395d4946e983238334bef71ed2cbf8df561683b5fe4c7afbd0192c62a350b142;10025467;10025467;Underwriters Supermarket
84360f71681d5617315532c2621878552f5dcfb5b806d4234e4e2c5c5125033a;10010906;10010906;ediSys Shop
f5f62d07fbd70e94e42b4be00f0ca1a591bf0cc5063011fd91ba78d81b68f86d;10008593;10008593;Capitola Market
61f4c526e762725d9f2d32053a5826ce78ba5d580559a46ec8248a278e5f98cc;10021750;10021750;Paul Store
bbec660c8796279bb83c4bcae4d5a14e95b46a5a7e26f1a86696b7e078cd26d0;10009356;10009356;Central Supermarket
eca07e4b7844adea9781df5eb02ab90ab4935675f3a696ac6fb24dafa695c484;10013079;10013079;Gandalf Supermarket
96a25e5a95302c6c0d67bee8365b8fd1c6116f0b912c3ed527eb39de9ab2c7b8;10022434;10022434;R&R Store
b480e02ee303a6fccf21765ece090fd0290a879a50b82e2b8ee865e96b951d71;10019678;10019678;Laker Market
9a0354732a28af251176a62689fb1a0ba962b8d87ee054ba7663e5a0a233b02e;10025737;10025737;Userland Maxistore
821b65bb2bedad44ea991f540c502fe70af059c6be17ce34488a2bac66d4935b;10021470;10021470;Papyrus Supermarket
93607317590179f17189b1faeac34620cd6041c38724fec3ccd749853d37c8cc;10005376;10005376;Bibb Store
935b81c79b46386190fb4433d2102c9568d11ecfac22e90d3dcf8db23e590608;10027381;10027381;Zero-Knowledge Supermarket
ae1806f0c58a9ae12884d4d05703766e692d04d7cd338b40dfa7ae4e8d0c39d4;10025299;10025299;U.S. Market
fa6eaa2b29edfe6631dc4201646aaf354b9fa9ac43216ef0d3c1d24c972b209e;10026055;10026055;Dellovade, Supermarket
d866ffe4d92362d4f3b8dab180a45a44d438986ab41cd536b932d0b62bbc7160;10023703;10023703;Sarcom Shop
43fabc70ea1db22bf820732b817e812409b14c0681c2fd39e5e5922ac6ce7523;10021184;10021184;Pacific Supermarket
6294dc888a4f0368b33d7272fcbcef39d5567e9bcb6cf009c37d0610d2aff438;10011521;10011521;Farr Market
be39afaa7020532c8b35069ec244640812ab43602761e17332465ac9cd93292b;10025040;10025040;Tangent Shop
9d3197b24bd46da76ff444f7c275fccb7e57008ff2d089da8831179a265208c9;10000466;10000466;A2Z Store
21340f86ba87222d1e1433b1cee97e557a436cf45c263f3460968e88eb27e9d4;10020449;10020449;Nancy Supermarket
f566d9cb9a55387190a5e2485513629449e0f9d88d2d70ae65bd75bc00dd7267;10021485;10021485;Paracel Gigaplace
dd9cd576768f7a473f82d4ee2b53031ad58d3ecbc9a964871bb35cd2e6200878;10011355;10011355;Enterprises Shop
1b1ad345b35cd2a495ebfc748bb08630d7cc72c07c6a91fcdb0f7c5396d1ab7a;10021380;10021380;Pangaea Store
63d0997ac2ea989caa0a7df587ef91f60b1fda50101ec79e8d430b2bcd3f2f02;10025300;10025300;U.S. Market
4bec5a3caf6d525e6a588d6bcbdf32bf9eb78220929d45a9936259c259178555;10010855;10010855;ECI Supermarket
1039c6edfb53ca4651b6db4c620af2f39e1d65eb4c7946d3fc9bb69e3dd19f85;10021223;10021223;PacificServ Shop
8cc44616909ba28dfe0fd6d4e23fabb6e2fbb60783644128e4d47f7a1ff70be4;10000471;10000471;Aadast Shop
02a61df38f4d90646ab9c6e736cbbb14d2467a0c398c5ecb3e04d87a9b98da45;10012761;10012761;G.R. Supermarket
c96994d14056117d35d4129108d357b6e3a471ff5cad2382ca9c7cd316f3f150;10012369;10012369;Finest Supermarket
eba4f3e97c631cabc2cc098b41a8805e49b6b74672e7d9632f7367773c59767b;10025022;10025022;Take Supermarket
4bbe2ec8385b18779b175a122b9f78fbb2ad9891cf7d9ce0e5f70607e4615030;10026348;10026348;WDND Shop
b2e9c4108c7590a9ed500d678a2d010b79b1d32d08b9830d183e2d9c6f4e94b5;10011546;10011546;Farrell Supermarket
616412663c8314ca9ec960248a7738989a693073c1b96e66b1ada7eeb5a758c5;10020868;10020868;One Market
38737fb0dbfb1e05625b9bdaeca10a0e10043683ad4464da4cd9ee0461f21342;10012157;10012157;Fifth Store
745b246d04d293e41038b505a8a86c07e08e1be35d41166916ebf2c51dcccd6f;10021270;10021270;Page Market
b5e32c83c7e567d63473268b97e24e2d4eb8d88ebb73f0ff52ee2403bcaea0af;10015793;10015793;Hetrick Supermarket
824ee8ba6e9ac660a505c34516cf088c29e5eea6f872d92bfb1513bc3378975e;10023538;10023538;Salamander Supermarket
edcc0ec178c01a07dc47e305a0c4ab380dbe656198a031c852e933f3f56a7845;10025250;10025250;TICOR Shop
3ce71e80f024a9a296ad2d528aba3bb882f9febe86152a1baee372688456bfc0;10006848;10006848;BizNet Supermarket
8c9f0e950eebf2b40695c03543350a83ae5965bb86cd90284cb073c9f7360b2d;10021996;10021996;Pinnacle Supermarket
b70d98d51c7c3b001921855ff03969d257a6dbf190f96a619935f21c85939bd7;10009863;10009863;Deere Store
3dfa0084f143a2616aa2bcd0beb0724546e0b75db94aa076b7fd4b1b8ae71249;10011623;10011623;Federal Supermarket
d02887e7996c9452c2e69dab02c99309b4b7c60afe236fc97aa521baa26ce95f;10025021;10025021;Tailwind Shop
2069f0e9b93781fa87c3719f22a8490803ddf0277a4afd0de109d53fa0e0a60e;10024262;10024262;Signature Shop
36201af3f9b9688841373a065a48fc997ea17bca8a1c7fd4b7647bb00123ff6d;10026006;10026006;Vector USA
3a5489d64d715611a64d4e9594b8521efeeb3bb593010bf924aa193825a411c5;10019665;10019665;Labatt Supermarket
20e5b5d61cf1cf8e40f25f8120bdccee2e45b4af2fbfb40d2adfa42c0be5eff3;10022725;10022725;Razorfish Shop
beac3dbed04104888bcad3fed1b53127b09058c327cf481bf8f160610b2c25e5;10007253;10007253;C3 Supermarket
9906b01b81134d7f94d5d6c2b238b1173525945cbc64817b865b92a39d66553b;10002526;10002526;Active Shop
e7682052216c56210c7d907d684019be12caf154412d90d427522793eeac8455;10016609;10016609;Homestead Market
bdbfd0f98f43c5cb4c55a06a7c1656dbc345c50727a7c86ced77449dcc81b374;10002114;10002114;Accel Supermarket
838b2aaa698407a973adf4936f1a87e73ab59fccfc15c7af570207dbcb3b8104;10007122;10007122;C Store
e250071fda466b879a2a4602dde8f2bbb2d4dcc6176f59dcf1395202acf82479;10021459;10021459;Papyrus Shop
71fe52d9ac235a1a732c47761826e967bdb11b5154a6ca04c483eff4d3ecd199;10025418;10025418;Ultra-Image Shop
469054d15267e1362b91c7634de4f843b1d28194d025d6349904eb0c119fc30e;10023221;10023221;Reveal Supermarket
8493a6fa2db1c0ff11e1112695f34c4cfa991e9c0189be79354c254a155142d3;10014810;10014810;Healtheon Shop
24931832a8f5c050e1a5b8ac250dcf5f7afb0c1ba227585d2745227cb5bd678a;10017585;10017585;Ilog Shop
e3c064e7bd231f90f0f852d1f2355cb2050c5690db16b3f7a713799f381bd8a2;10025575;10025575;United Market
08f12bca6525165287964b7c9b88075963f5926be18872c029e542054c05476c;10020446;10020446;NACSCORP Shop
c4e541642827efd1765f3a18367a097ca4a8e729394929571a1ade72dc8f92b2;10017072;10017072;Iconation Shop
6bc43886b3195d5d321c73e007ea7df3604e006acd90f4f680c7cd230cbc2754;10022962;10022962;Reflex Store
952b4a91b4d44b4bd0718cd95515b5e7c49f76289e84b77308a08d4303b33159;10022456;10022456;Ra Maxistore
2940d25ef73657e828fbed3afa7e2ccde31f1670c6db11fe6d8d1924548fb697;10025508;10025508;Unimedya Shop
6f7a117ae18041a985c1524f2b65b90c21ecc2b3f86bff865cce3f64eb50e693;10002501;10002501;Action Supermarket
e2a7a67c0a903e277e6ff727139bbc6ce2dd30b85f3bb8346fb668557d30a648;10011018;10011018;Eloi Supermarket
68cbff42cbddd8ee6e5116ad59108697f9c5b3b1d2f5424cd94d75990c51ecd5;10020256;10020256;Maxtor Shop
19634b291bc85bf3f3cc3b980debf323ff8cf40313e55eac2a8f1c53882b6d72;10022732;10022732;RC Market
0e36af3e5db5c3b4e4838997b4260a5aed96c22ea32721ae4320c7e7a0125b9d;10007258;10007258;C3I Shop
536e6cc0e407fdbb782b69020e4aca00c8d73c9c9e9b155d312ff02fbc611149;10008638;10008638;CAPTA Shop
90686d10ac22adb8d291a52d9949eb00cd910b0319d01463dc729485a0525d9d;10026365;10026365;Whites
7cbc691d178d4a513026e3e26e0f637ea14e27c7501b53a2c8e883e0bb1b2bad;10002154;10002154;Acer Superstore
94a9cf96ae4f1464a4211cd919465df76439b77db9f6d51abc62fad49e44a2ff;10026581;10026581;Xetron Shop
09396e199a959e9046b2eaf5c662b95ced01bb627188c4be3638ec98751f8429;10019952;10019952;Lobster Market
a1101b56103c47c447843ce0b9d53025d881c6f8867626f446f6c6f029e37b61;10013127;10013127;Garbee Supermarket
2d50d75f15602d7b09225bee2a96f5256c5424bed094fcad2135a4ffed0056a9;10016045;10016045;High Supermarket
14cdd55561363d71e8e426b11e2a2c63e4791f80960b22e9fe6218c275f7da7d;10003857;10003857;Beckman Market
c3a8ecd3eabff4a743a05478e8933ba698a67d1d6ed32ab3e8334822ea7bdb92;10014043;10014043;Guarantee Supermarket
f04b1359bd711a0ea7488783451ab93ff380a4885a0c5c16234f6ea125bd841f;10011734;10011734;Felidae Enterprises
415f2dc564d2049586dee4049b8d3fd40d2e841a4adb97a0ff20fb78a06146d1;10017828;10017828;Lee Megastore
8d89e47f95b2e90536582bf85a75d5c33c1267974900328657311a3dec7550ea;10025515;10025515;UniPress Shop
d7f7cc4c3da3106752184f886d62dea64fdc1bbe5ebba6e7b87d80ab3035050b;10006919;10006919;Hoovey SuperStore
1e81b84907241f6c367ba16f8e64e269417f299be74bdde87d930feb678ffa8e;10006916;10006916;Boott Store
485b219b158252b04bb26f9b60b70ac19bb6c51f57624a683485e24d018ea4bc;10010884;10010884;EDC Supermarket
4546a3f4c2bbc5f92caedf1d15ead7467969601b244368aff8e6b41be4aabad7;10025024;10025024;Talarians
0f78b0c2e30a1e79469e6ae727177b5c6eade898d073efafadb8e0b3deeda318;10009672;10009672;DEAC Shop
bd64e8284aef31aad966c9c3a4bb9b5dbc477a7ebe2c4ec37cd93595ed90d796;10026560;10026560;Xentec Shop
184770dac6d8fefe3f7aef7bf73cacd29b5c425bd2c2fc3d0c126c83f7a5f17d;10024930;10024930;T3West Shop
c7107aae4d4b79acdf4b553f9ff3839a38a32f3766c686268401f8fc825695e9;10015011;10015011;Hederman Supermarket
c7248ebbb456c83e8aeb3d73923aa6856970f06e80af220ecca41cabf5a10e0a;10024270;10024270;Signatures Superstore
f3a0a176a98ec5be6e321b952c1a0a5b665baacd5f3f5180886641b9b3f04d47;10000601;10000601;Radio Market
f3c95b60e273a2589a29b1250697f7e26df9ff3bdbfdda6f28d6616a8b1f0ce1;10015495;10015495;Hennings
82004ea6ce0fe49c55174de25d65e170bbac5e6b13884229746a58ccf665d90d;10024704;10024704;Sterling Store
b46fbafd316fec1c3814584e1c930eb9d9e2bcf70e9143bf5089e412b062f22a;10007448;10007448;Cajun Shop
6ed45123fb5fe6da6d0996e3c157a9b6de538859c5a4746dc5be161868fb80e6;10021305;10021305;Pallister Supermarket
ed724736a104e5a3e0cf92830fabf0365cde2620bfdba852aebfaaaa6950ce3a;10011724;10011724;Federal Supermarket
c90514e6f0faa2398fd7df8d365db92912d4c0faf8f786795210ec0a792b6f90;10000453;10000453;A Supermarket
5ce2a4c413dd05e70d2b0ed7cf1e1e4ddb77f7f66b06755d3074fd800203042b;10014546;10014546;Hauppauge Supermarket
96aa3558930f141a3205b535e167e141869a1dabd08e35327a006a7e4dd2474d;10023022;10023022;Renaissance Supermarket
5a9d5e49fa7d38c282f98960806c08609b5781aa306d3ddd25a64f2eb593e1c5;10000475;10000475;AA-Wizard Shop
7548ed0d82e375ec198696f60845de7c696071a2c4494de4ecbd4eb4922ae616;10011499;10011499;Farmland Supermarket
552b4adcd42f776c7d0b2d9fba3254c6ff9bb96537d096bf0bd2ae1bf3eb1a48;10023241;10023241;Revnet Market
28dddc42122de58b30c991eef5278575748d3bbdb7c9fe6b76b1f47efebac7b5;10018885;10018885;Kawneer Market
1f4ccb6cbdbc64e2409134e0ef15ea47c20840f478f1464e7f042b197bbbe88c;10021300;10021300;PageWave Megastore
56de0d93a3775477c1b60eabe8222cf891862d49802ef6e67cc1be04a45f6e19;10000462;10000462;a2i Shop
05123c0754a6faf551965fea7764c25e3e6e09b6d43c82bd871c5b0e9ce24d79;10024942;10024942;Tag Supermarket
5793342177b2ff18dacf44cac99bf76cf1ff2b63adc660bb16e2964dbbb2d61f;10021158;10021158;Pacific Supermarket
ee1abc2fb2d13b1d9a28945e4e31ff907293ae5f02f41eb79e511d299e828b3c;10020962;10020962;Output Supermarket
3340c0a1dc27123094d689a203801ca475e48ac49347651109d8580048bb040d;10021283;10021283;PageBoy Shop
1622f24ff4a40ee153de6708ad66d78578fc45b7c0c1bfee90e703e0ebc76ccf;10004602;10004602;Best Supermarket
84622341ef6a3a59201040dba0c0d2895e41f25941a2694946843caf86fd9136;10015886;10015886;Hewlett Supermarket
ee2c824a4a7556831363016e8facb7b67f8995ec65fc786c7163a3e98530f7e4;10011345;10011345;Emergent Shop
c5b1e3258e53427442888a9c267a99d771503329bfc834aa35c9a6b8d2c1b46f;10023778;10023778;Satronix Shop
09b46934fd1062a09ff66670987dbb4b0783d7865036963f9cf3a1fe2f859d92;10011360;10011360;Equitable Store
c4211dc2c856bd0f43e2b254968b8cf83b28dc9b0d2e5ae03bcb8cc7a4a8ccab;10024034;10024034;Script Supermarket
fa5d967f93251a075821834631fc00ca62658a9c580f1c9334a86932f0e4cf78;10009656;10009656;DCS Market
3abadc2c44fe4ed6bb45ff47549efa5b4154ce736a8ac8d66d5fc13be4954683;10011732;10011732;Federated Supermarket
94cba127716bf5088ee9f54963326057920508563abef2f2e9348e8484f17817;10014739;10014739;Haz-Mat Store
a431ae8319433e0c6fca4c1d9bdec3e8d77af7abaea22f4b04c60d53e43f3209;10015789;10015789;hesketh.com Shop
ac44586fdb07e0d94b83f6ee0cd8962cff389653420ce2fa4e6e040353cc1680;10025242;10025242;Teamsolve Shop
7ae4b310818c668344eb28604cb64dd6bd9bb60c34b7f887ac346bf1e66ece9d;10025778;10025778;Valicert Midstore
fc6df29b96a1ce36e353d67774230ed52d1d16d96605f385a1ddec96619721b7;10003882;10003882;Beech Supermarket
cf0fab3090347855b03263d8ffd56ad3238cb5c4b99ce2351387f40a53369c46;10014802;10014802;HBS Shop
0b93c872c0f984eb386245ae5bd6531a998eadc1100e145a3deb933c54cf44f4;10002969;10002969;activeDesign Shop
2a42919f5b74c494767058c5dd4b5ed9cc80857340874cf9087f9c8cae148708;10009885;10009885;Degolyer Supermarket
5ef593d955ef9b6243320363196b66c40f1c5644b7e95974b60c46fbc8a11d9b;10007591;10007591;ComeStore
078787afd6d131e8cc055c9313e56b50ddc26cca6e61137e3843e7920f297873;10026336;10026336;WBM Store
1fa4c607730a8def0631ec25952952ee157d0a5f78ef1b2ac0e002fd7cc63cae;10007120;10007120;Brinco Store
d5e1f6dc5873ac01334c54a8e34e73543e8f1cf1fd4b97a48335aa4d5a5b3e7a;10025298;10025298;U. Supermarket
51b86714b0e4919821004f0c1f6498456d08459f110d48807a66147a48e81de7;10002244;10002244;ACS Market
433dbd3d518d50bf27cb419160a5df95a640034b19b0c883627f60bbb3801fd1;10024743;10024743;Stone Supermarket
a3175470b6352f511cbc367d6294f4c23448fa6404ddb39cb60b401eb5503d23;10025061;10025061;Target Store
9bd675ccb6ed49a19718b6026d0e26853e4cac547a382111c9b74c7f979f33a9;10014059;10014059;GURUs Shop
1c80c552ca15ecfa1eb5766a2af9bcc46bb32c8845328a421e24114766ba8e9a;10009643;10009643;David Store
13cceae8187c18522561849ac6665aadaaa208c8044433606ed337c0885564d5;10023715;10023715;Diss Gigastore
5399e2bc1661873ca41f5f3ba90a6a3cfc8707156f8d4daa63342a8585b88548;10024022;10024022;Screen Supermarket
a9e9f0ee46d958e1b8a3aee51f5cbbf30957373e4b251cf9804ffe75c355d60a;10025034;10025034;Talou Shop
c8c3f8ef7562fc8e69138615802eca0625c6600d03c9009af33bdaebdfa4156b;10004207;10004207;Bell Store
faeeb9606bc257d5ea58e2741a43f43e822ebc57efa14417326b09658a1d7b69;10006917;10006917;Borden Supermarket
26f6d44b573bbcc822e921815fea99b7ec8ff5e5f6ec8dab9403cd8444e4ea72;10002412;10002412;Acsior Shop
51d0692053347d014b7ffd1fb305e9fd745b4e817963e2d01f688f27bbf2dbf8;10020915;10020915;Ottercom Shop
fe663515f99ac381b68ef8edafe07df51a9b246540bd23ee32bb3f0188e17dd5;10022431;10022431;R&J Shop
0298540e405447e320ba4bc8e2e719a2a44826ff593e8faacadf0384ec870554;10027340;10027340;Zentrum Market
22e6b4708ef6cc33fa582ec1ffe70e41679d39716a0cfaabc5e176fd3c08f265;10026009;10026009;Vectrix Shop
4526c09cc065f2ccfa7bc4a0c26c9bb36aea4377946ab4e556269f5ef09a2439;10022678;10022678;Rave Supermarket
aaa68a8122f628b64d8cfbb899c5124152337a4da6b54b04de138fd6e3e4dd65;10026268;10026268;WarRoom Store
e255e36eb2f4f4278497136c1bccfe0d1db1a706d8d553b64ec139d2d8e8ab44;10002149;10002149;AccuLAN Shop
1c9f79e887e511d5c4a8d9f73969ce2a09831436a1ec4b32f3b20403cc7276e0;10014804;10014804;HCS Shop
ae840a0a3e007314f1a658ce1cb51a57f1e6c4f360c8b6e736a0d4e7e855ac91;10021977;10021977;Pinnacle Store
af41cc2859750daa5cb69c29d20a2568d4b3b16313a469440a03068d1f7e20ac;10023783;10023783;Saturnus Supermarket
ffd1982bc447b042d2f6e467db7ccce46b4fd18eeaa66dfd2dceac335260e027;10022183;10022183;Quantex Supermarket
70ce01e73a6badb5232afd3e5b13c3f1eeec31e05efb0f7aa6d667f0184c5ada;10019880;10019880;Litton Supermarket
46594f9c268228e3f14cfc6e03aeae8f15928290042e2204da3c2ff9cf0193ef;10018580;10018580;K Supermarket
8a863f665a768f41deb92097153f06b5a360c8d1b5db0d54473111d6e711d417;10013341;10013341;Gatierf Supermarket
a0c4b8a211b630c4851c4020b1422b128543a0e37fb6539e57353cf3a5ae04ce;10020445;10020445;N.Graphics Shop
f5926f7cd7aa13c210d0cb6ea4f63bdfc5cae68b3894515e74b271ad47adcd4e;10025062;10025062;TargetedListings Shop
81ed0464d9fdf80131af2828225cfa7d764df61a959a3a86316494c205b13ae0;10023516;10023516;SAIC Supermarket
bcfef7e7a73212d26795df88f1baae1526377e7cbe20b62c6c36d572c2328045;10027348;10027348;Zephyr Shop
6bf3e49cf359d98baaec7993d9024f79d523470a5bd85f4fdc0ee00eb4dffd69;10012158;10012158;Filene? Shop
6a1af404dafe82b955d823401e06345af5085407063c452695d93da73bc4decc;10024260;10024260;Sigma Supermarket
25dc166c23b9941c028c2b00eae758565e9e3f8fe6a6acfd5948e26b70de0671;10000478;10000478;Abacus Market
cbe3bfc2fb5d54436c5e55fd936321b8439de9af3206703db56d682056c7fbde;10024999;10024999;TAGnology Shop
f2dccb51417bcc8f92f3e5c6b6120c03f4c34fdce491df9a8a060bed69cd00fd;10019900;10019900;LiveWire Supermarket
ee918948a92097716db2ed505ccf62c27f5806fea86e69e2e0f6dfac306a94db;10025036;10025036;Tampa Market
7d4897399ddd5c1fb69c6eaf98c791865a0b0104ab7d9ccbe08b61eaefba8e69;10021297;10021297;PageSites Shop
656c0a90e3aa0b4771609e49143882a5b560ee5f4507c91eba40fcc99c285f71;10012425;10012425;Fins Shop
11247c0dff0ff24a40087762da7d461374f5b306f812ce57176b778edb152ae0;10013509;10013509;Geac Shop
a9d2688f72bbeecab27c63ec4ba6d07ebf97e2d9bcb74f92d6b8869c909ae9f6;10013238;10013238;Gastown Store
d189c67edcfbc06d9174778617ad2d196e050aad75b4b63ecea5d8ad38be05a7;10010886;10010886;EDGE Supermarket
615113f92a39078efa23f1665ebee780519fca762f1fca219186289604e46ac9;10008596;10008596;Capitolnet Supermarket
e137d99a18a91c2bba8eb9ac964d1b6b2f013fb907864ee66f821e0e94698316;10013052;10013052;GammaGraphX Store
b8197ed4756ba91dd057f2479c1e9cbf59a3bc2f3519f4f161d470028bebc554;10002139;10002139;Accrue Shop
9398d76372df1c79ed9185fb7d610f5a649517d4e9ef618b599f90363920f0eb;10024541;10024541;Southern Supermarket
2762f5ade7c0fbbf555a4ae4b2d43ffa9d117937c7a95c63e27c9a48aabd7dd4;10016564;10016564;Home Market
5ad506c5f805f2a4034229c6aae47a07c931763a5e1c6a588c208689340c68cb;10023793;10023793;Savetz Store
8cd49dc36ddfe0b917fa817904057997f1466ba11868242c3c68c6612c735769;10006093;10006093;BigJobs Shop
b0442caf97fe298d7ccf4409b7ad701d2c6fdbdce9aef477106309ff79594556;10007564;10007564;CAM Market
a2b1bfd9df20fd928c65c6dfdb1b51cbcf945766f85c4740443280c2fa9fb340;10023759;10023759;SASCO Store
10164eeb43b758452704d54273b49f09dd477d837d50e09bdc0cdb40b6055d62;10021422;10021422;PAP Supermarket
cc24b8b7cfe05bcd3cf3a4ae84fc62cd37d860a458aa90e4e6c14f3d3a524e24;10021107;10021107;P.C.G. Supermarket
8d5ababcd6d7073762683ac0f77fc8c5e473a80b34b499ee7c17d76994e69121;10000456;10000456;A&B Shop
d57d4ff979bf508db7de50288782d9f8829d07c2ca15aea048249622d90ab53e;10001818;10001818;Acc Supermarket
a3f9b5261f404fa8a957f1e023d598bd5b8c09c3223fb69bc717dae3f48ad96e;10016858;10016858;IBVA Shop
dab3920077ef7896a07a8b1dbea24938bf09a52f6a70e62f3f8dd65b4b1be763;10014264;10014264;Harbour Store
e642341955b31598c43c329b569a55650459b8e744a4b12062e9b8ab33300d82;10025771;10025771;VA Supermarket
182959912a533548191d07ff54901ff0fb868330d2166e4c8687ee3d33bb923e;10020181;10020181;Markets
8b3372f9d79b2c0b5922dd98a96f202dfb2314607aa4c8a9b72b0304928e8df8;10025814;10025814;Valpatken Shop
b19a7142f59b795cb42efbad786edab22d568760b65758f3ec213581a26145c4;10011842;10011842;Fentek Market
692f02291a0d228f7e6dea7f1d494a962e0836e96b37b424daa713923cb9cf98;10023509;10023509;Safetynet Shop
a1c84b1360d4d2d21e5d29d4c6190d1c7a08864a8e1683f409ca67a4c7b7e66a;10019150;10019150;Kentucky Supermarket
525172f5b06c591bdb59119776201bf424c2c8ce179b1470075d3f2dd9fcf3c1;10022167;10022167;Quallaby Megaplace
0f8b4693cf0a7357624e3d9f47bb180ae5b01a0060361fc41d70f9f27603cb99;10018871;10018871;Karsings
217f4254acf10a2010de902eea37dbb5c34aeccf963fad742fb007fc55c5bdc0;10004256;10004256;Benedict Shop
f7e2a979f78d2ddf364fd438bb0873494d69f94f5b74e6449c599d41f7a00e60;10024003;10024003;Scientific Supermarket
82307690750cc6450687a9d3de191d6dbe96430210043a53f7a057b4b882a1f5;10027119;10027119;Yurie Market
92060b7196a0c796c5847abcf48f6b7de865fd1fd89050ba122566a972208bcf;10009639;10009639;Data Supermarket
8ec3f629422b0336ec365db910f3e0d0fbd1078bba225d5740ebd45914395dd3;10023212;10023212;Reuters Supermarket
8073d43cb79f2a272cfe4b4616e5b11ac62f65553f34d62ef8cb36cd95bf40ad;10021412;10021412;Panngea Shop
1f994ed8b5cf59729aa44bca6e5f6d8790dded9760d740ab8e4c75110336b861;10014495;10014495;Harvard Supermarket
c8ff0b61ec7a50093dd441f948d09b926d9c26a0c398d007b6e3c78a41ba43de;10002765;10002765;Active Store
d01f83c6e5c8c9b6f84ab61240f641db53aee4cfe82419c2123da0aa5055652a;10000473;10000473;Aaron Supermarket
7d2ef056a1584b8ffb910f6f59c166d0b199eadb7741603facf50ce54793a6ab;10021111;10021111;P.C'S Shop
b6d883d46a2391c616c0fcb192426c4bf493ae05a7f0bd6c0f03dd003dd7afcd;10016807;10016807;Ibis Shop
c535cb4f26ca8aae1e940af3c3da521d9a8ac540d53da41db56cadea1e5bc024;10023447;10023447;RKS Shop
6428931310c51abbf7141b679828122cd727c4e11f7501e268b09857a36a8811;10019897;10019897;Livermore Store
b8f3f71fb090a881f4cdc9cbc56cebc18ee4961db48de13e9920267474c609fc;10025495;10025495;UniForum Shop
2b126366114bc1cad2bd7ffa62bfc9a77e88c94c7b36be779796e7d01898ede4;10021286;10021286;PagePoint Shop
f264fecc97431ac054aeae8ccce6e370daaddf83d33a90804fee964b58c1311c;10025241;10025241;TeamStore
9f88fd9930fe68031f4f91680e490f2d86931d3a6f719340d361dac745f68275;10007183;10007183;C.O.F. Shop
c60cac855b32c283b80737125f3df5ff927282901ea407b11beabfa0b3363c10;10021239;10021239;PADL Shop
eef9e434c7afc9e2b9976c1d5fc87906b5daaf3dcaf5bd60b5a6a27b280f789d;10025264;10025264;Today Shop
43592f55cdd9f71f3e4e359c1ce9e455685d3ceab2fa61e28059f7e73f6149ab;10020393;10020393;Minneapolis Supermarket
1b40f23166648efef31075b6370889ff9f2ccd821d47a176bc9ae41c17c1bf8d;10013899;10013899;Grumman Market
b10f75f36cec4437321110465b2ec6671737f40499e09f021cc15d0daa1e871d;10002150;10002150;Accumedic Store
b156ece5d410e88680502d4e77f491ba0a0a3f03a42a36edbaf11a32f8ac48a8;10012161;10012161;Filetron Shop
dad9e63ed167d93f86712ea17924cd57a5e3d2d9b7f9997d0e4ab9eb446b8d47;10021494;10021494;Paraclipse Shop
3b5ea2b8f5eec0db281192c3d0abb22ff61418bc8f1a9e5182353cc94b4e85f5;10020281;10020281;Mb Market
512b8abe5b325f92d5e12bf5ce06663d7b36a633c7eea68bb7c425c05fa8ebaf;10008602;10008602;Caprica Supermarket
79ef6ffcb324445d6f2193e92302327047a43b8097b73ba24c99cf6b78c0d13a;10000480;10000480;Abbotsbury Shop
d115c272c18215443ea7a78e5a63fcfc4c74520e3afef8dc25e44c8417f182e5;10016542;10016542;Holy Supermarket
ff29502e66df60dc3724ebf0108f5fa0f3b3b68808e99b750464ebb753358801;10011052;10011052;Elucidex Shop
84e50c00bd9aacb801827f14f6a02a9b341ef482f057f6c97437d83094ffa905;10025285;10025285;Transalta Store
b8859b9932cd8d74a29105b2ba03587618fe436e6bc2346dce7601dc85c73ad6;10004255;10004255;Bendix Store
406d40c73d936be6e2815daecf374fb98f70eacecfb5f098494c1b450e4cc639;10025023;10025023;TAL Store
32ac783e510f49fc4ec1176582730f5eea5211497680949c2d44f7c14fd3b557;10026438;10026438;PLAINFIELD Market
9785b8e81c228a222fec61ff2329d333d513392dec3cd32c09d13ffcaa2b1be6;10027575;10027575;Zitel Shop
e6b12af0ca18b74196614e1e18a6b21160a397ea9624510008b5526b3f6f7ad2;10021006;10021006;Overdreams Shop
e15241f7902fafb4abe4a4ee3dc773e361e1e08aad8ff232fba484b2b012c476;10018603;10018603;K&K Supermarket
d1316350862cb6d4affd17fbd533de2badd585155da1bb4c5042504c3c70ac0c;10013574;10013574;Gebbie Store
108ce7d8043bc7d0a930561afca2f96e1eb01f9f35d8aa96e257df54460896a2;10025039;10025039;Tandy Superstore
c791d9092988bbe3794c680b0dec02178b81465f6176771eb61a60cbe0c73dea;10025549;10025549;UNIS Supermarket
d2c9cb399d1528f3092288867189c63f9576228a2bf3add2345dc7bc5550fca1;10024550;10024550;Southwire Store
030d7d376fd16414be82d1b6318c20e61f4bcadd164a3cdd8ffbb25a2830e3ef;10010897;10010897;Edify Shop
236026059a0c1ff1c79aa88ff77162e0fbb3938ad428873fc8babe2cc688f1c8;10020864;10020864;One Store
a32d5e701ed0b003b656c6105becc4def18d4f50d9f0881ac6f95249b7c82f6d;10000472;10000472;Aaron Store
04721c2b72517e909bac1d86a6ff9f8f6ed0632979a61561750cd928c0d04080;10022750;10022750;Ready-to-Run Shop
c0745a5837bb7012e26cf8e011b3c489a308b4fb1b398c6369389b73f028bb12;10010974;10010974;EDS Shop
486dd862a16dd8eb1b492fa2cd5b68a8b15179cbaf1159b1b80cb50fcbe78c4f;10000455;10000455;Caribian Supermarket
17df3a0c8853ab6e9d0de9f7441fd6c1da956cc023b384de814cf2ac1f751c4d;10002137;10002137;Accidental Shop
2baba0dc415ec5a76a431375ccc96cf05390783607a53f887e01dc144c0f9858;10022166;10022166;QualityLogic Shop
e9708f1a16cd1474e5a3ef642f65c716c615101bca845144929daf55e1e1344c;10020193;10020193;Maui Store
4d8414a010a286e431969781169b5170fa02eab179e659183d4fd6ff52a3d862;10022687;10022687;Ravenwerks Shop
9b0a24eb059f38e9ae4a9c907c8f43938c4fc998a0b7136c6aa7f0956e0017a7;10020192;10020192;MATRIX Shop
adf95a20a1ac78a0bb970fcf0938d7f4210b8fa26871364d305e844a774e6eb8;10025032;10025032;Talkland Shop
bc659994eee63713127a6ffc1b9110b8516158d24e4273346a6f81bdcf09520c;10020909;10020909;Onestar Shop
30394f432e3a139c996ec613bf70a9820d9f7dc8ce3a8596b4c4ab0d2ba7d945;10026861;10026861;Xyplex Shop
4f6d1507f8fbf416475abdc3a3cf26864600273ed6015d8224e006a6071a23c9;10011089;10011089;Embedded Supermarket
584104fc59010b398af2b46af1f15669186d62ab6247ec75ac6b3fab5f3dac60;10025571;10025571;Unitec Maxistore
c8eebd1e4dd81b8af3e239704b3599646f62751838fe9287a203f2078219f150;10022755;10022755;Real Supermarket
450496b7afc306bef583b9af1721397fc0f523ad944969b50dadae0cf70dff00;10019514;10019514;Kimball Supermarket
3aca18916bce1b3ab3a01f237e3f27f93f498ac243ec9c7d6f229a62847a5a32;10025305;10025305;Ubicco Shop
1daf0a7eed6224035189f416f7e7e2227ddf347cabda80ae441e086088dd0f6b;10012600;10012600;FireTrans Shop
3b2d340f8ed4f9e7c4d238f84148aa1e2c3dd28cc52e3ed1afdfeeb5481be7b6;10023511;10023511;Sage Supermarket
dafa15273a16163c5d97292b79e1170ca5631fba6d9152d34b12cc8ae8f31e27;10005861;10005861;Big Supermarket
8dac61f8db03df50839d4c4e310a261bd657877ed8e276ddf342303588f5d92f;10023964;10023964;Science Store
715770e7c6f99edd434a6290210ad85fc0c9f76f5e7440b15cebbfdc97b85f5a;10026334;10026334;Wayne's Market
f310d43bbe500717729ef5ed3c92518b15f66b688690048f40e6472416b15031;10025239;10025239;Teamaker Shop
173b3f1cf4804d019f2e66b4dfcd85192751472c6fe52316d8d77ed0b1fb126b;10012128;10012128;Fifth Supermarket
c15b14319d6b9643a6776e6540375b78105d37db3f4a87bb34788409a6224f17;10026355;10026355;We Market
550ae77d4a738fa48a59a4dc8cfa1178dc05cff6785a5da4c3a0e664334df23d;10020364;10020364;Mersey Market
02fdea88bc4de66abfa88a63e3696f39e78e8ccc9c30a5978bf24f525bce3685;10019469;10019469;kGS Shop
6f7f4f3d9d12d0ce910727dfb2348c2e3629b15f5753067c777d0d0b302a7619;10026839;10026839;Xtreme Shop
3e3c931e60482e586af32bf61fbec31d6973c1cd62fdd59fcfaaf89a53830d72;10025248;10025248;Telus Store
99b57281718ab7b23443c776ffd716ee676e718dffa1290306020ccc3c08ab35;10026521;10026521;Xcert Shop
0c6625617524f3e48c6deaed62bfb8185a4f2c9bacf6570f18c1c5504568b802;10005922;10005922;Big Supermarket
6e3d6c3b97414cbb080eede8a8ade9d279d7eae210238bccb6f1485012d1db78;10020080;10020080;Lucky Shop
1a3d7f08ba9f2967bd5b30eb3a3b564cf5d92766bcbd5b731bac949ecab0061d;10017036;10017036;Icon Superstore
2ad4581866822691679c376c5e70ea4e10b6845fcb1a497b2684a067d3d5d3ac;10015325;10015325;Helius Shop
8a89202d7a5087dcfe161c2129162f0ef51e85395fdded939d973cb5fd91f632;10002136;10002136;AccessWare Shop
4efc93c15eb2ff48b6ed57f73f0663ba83abafacc9cc66025106943e09f6e8af;10025051;10025051;Taos Supermarket
a3c11e6e1720ff15aca940f6598316dd7b50843eb5d900b48b4c5847f67ae2ae;10021179;10021179;Pacific Store
44ea84789959cbd7b54f272742c34dd12d5494c57e9567fa7ebeaa735345ae0d;10014779;10014779;HBO Supermarket
477428d155093cad13acbbd6f52676af8c9a084922cb64da9c3e46f9a24b3ca5;10010887;10010887;Edia Shop
68514a2c971429c8d89b39ee1cb03421eae27c0a6fbd2e685686371ad8e8a2de;10023757;10023757;SAS Supermarket
3b86461ada9d4c6301a4bd3662178f99c4baa53d243aad99e246541f93e944c8;10009679;10009679;Debenhams Supermarket
dbe0198f889a08fde33b200e406cb296edf0187a6a13ff470725a5c4e5d90999;10024915;10024915;Systems Store
1958354b6016bfe82a6b878aad6e1bf8545352357412787a99e9102671b88fde;10013670;10013670;Gehlken Supermarket
844e0974959d4a9d2fab5cc3a46c56eca6fcae75b705019da00c8aac3b705884;10017307;10017307;Idyll Store
80beb3448d52d11eff3afe778c421cd4a96af98b79eb4c02a7b681d7f5ed8bc5;10020663;10020663;Neos Gigaplace
939fc62e6d63957de3671abf033d8b9843dde0a0fa60324259574e87f8279ca4;10019105;10019105;Kensington Market
27dc54b9607e4add93b1a91cb39f860ddeb02311e24a738e44f27f91d69c1521;10025769;10025769;UUmail Shop
8831bb7d1dc70b2b157ff0220656a0c888d91998c3e194a52649ef5b2ed257d3;10026606;10026606;Xilinix Midstore
2fdd9f34afd4bdda4d2c6a4d049b0a6d11667289b05ff853b3709c8b9c6f7327;10013426;10013426;GDC Shop
dfadc0f642e35df55d38c13bb207542354a87666700484a81fe0670858738f8f;10026062;10026062;Venable Shop
442237a5a9bc9dca0f67afdaaef84ea9998b0ef451957545685165fd71d35b5f;10020332;10020332;Medics Shop
b26c9bb9d3d999009f5c6b9184749fffc1996486180f329b15f53fc63a6909ec;10024246;10024246;Siemens Supermarket
62005e4ebc16460c472b85d1d294ed7ebb390348f09ad5d630d40551402f6361;10016588;10016588;Bounds Megaplace
9a129ba767ac340086497c7303ec90b17636d1dacea16aa50ffc8584fa9107e3;10007134;10007134;C&C Shop
7fda557c6ae4ab1acbb27e98431dd36db6679ee2654eb7ad7ffb4312bf48b500;10018877;10018877;KAT Store
805a86adec0148fa230d22b0beb3a6fda6453cf2e6dfe0b11018085b05e06072;10013039;10013039;Gamma Supermarket
8db17c537fdab4cf001d76dc092093d4b05e9de39fc6158f9ce824b7e01c632e;10024725;10024725;Stone Market
1d15683efbee4e9680a0f68a839cf71f25402f72d65dcf66faa155d70b8c657d;10012715;10012715;Fokas Midstore
de9db9cbf43facc861ffab7c77a53328d9cd98f167d4b88eb58a67f0ca5d17c0;10022978;10022978;Relcom Shop
49e873ae1a98caad41ef8246f7e982a76d59264ef5ff08e9675c13a454176e0a;10021222;10021222;Pacifico's
a35fa5f328703cc2851995c5938f3af9b0576baed6329947b6ed562ff313df39;10013188;10013188;Gartner Supermarket
afff39a6986a08dbc05914ec3b51fa5296d6ac7461ed1334d6b0c1d3c79b8f70;10019388;10019388;KeyComm Shop
5a3b0dc4aa7929d9b50b26c4988310e3ee04a5a20a3c8e6245ffd53c55a02399;10010969;10010969;Edorex Supermarket
b5e4e383ba7d93684ce7de01a5b69f78c7a359e5771378dedc37b7b1ad44534b;10025560;10025560;Unisys Supermarket
70a9c0c74bf3d0f9d5ff0b771aa64beef4dd9d34a81ecc112b80d230abfe4a79;10024255;10024255;Sigma Shop
58bba7dc7e4af6c0122edf98aa099c4924059fcb331007fe5a2f1addfe1be2a2;10004516;10004516;Besicorp Shop
169ab5f6b08ca662a3a226f5374d53ceea9f6584c2dbb7f098e9d919bc656f6f;10025291;10025291;Trend Market
7d869d27bafc51cca4df763c1d7d39e4c47f350841d54f25211356818d47bff0;10009654;10009654;DCS Store
67fc4b877a567709b6430f8c8292239147616b49d520316fffaa5e55853e8c6b;10025353;10025353;Total Store
dd1517378f32ccb675dc85a2a4f78198747115e4c42e4a92bd807222522847fd;10009650;10009650;Dayton Store
274fefdf46c3b83f11b25e2c2d3f83f124fbe3de8c259d8c6f195cf692303bd6;10000457;10000457;A&G Shop
a7e9d78ac7f8ae93dbb3ecef0e98b557ca6c3e82adce58344069052b89062675;10022249;10022249;Quantum Supermarket
f74764838fa0b825ba62c8dc613a6919c05d0a6980057cf40fefe3e9310b169d;10024009;10024009;Scottish Supermarket
6049e4483f48c53ec350117075ceb050a55a80a8ba28ae280f3474b49d500dc6;10023780;10023780;SAT-SAGEM Supermarket
f0044e9b976011bc1f5df59203a98a5bc6188ff4bbefdf2f03e0adc5397d148a;10026522;10026522;XCOM Shop
84992eaa84e1c7c2100c4a4940db9bf4a6b418a6693b3e6b2ff653a686c1da1c;10021160;10021160;Pacific Gigaplace
4257c60b29208f82002f46b2e9f6097e0085f93e8348e276b08026acecc297d2;10015030;10015030;Hegemony Shop
56da2c7486d0ead30616f38801ae6616e3740814243dd96aaac7f96961ebeaee;10021139;10021139;Pace Shop
03177946160c783dffc017a3edd99cdd9e1c06e5fab25bda71745ae35be72405;10009633;10009633;Dan Store
34448287c8c5164acf01023cd2f9809f1b89eced1c6a4e110c760c9481e5bd33;10001103;10001103;AC Store
13d667f27cacdee5cd5be1a09c2ca896d394cb35698abfbedb028b85d396c745;10009653;10009653;DCP Supermarket
7bbc7fdb26e6ea89016a150099908db05b8433e2fd190045991ccfdffb365a77;10025791;10025791;Valley Market
8e9be566e6273db1948f5e2bca9a445c6f2643cba9db817c7634bcb2b7bb2144;10026038;10026038;Velos Supermarket
6f8e6c429d53b8dcff3b2ab6561259404945d8342f3b14fb0c452a02ae806716;10020914;10020914;Onetouch Supermarket
5d45cf87a378c71b6bde93d85f5a62fe37b4ad25b37897554aeab2cef3284494;10024248;10024248;Sifton Supermarket
f29941c716da9f1f688a599a19025ddb710bda24ae709b53ba0ba5640283d47c;10012226;10012226;Fills
4d3ca32bac4a26850c7d0f07be5534840437ddefe8f01102db04b04f54530c20;10026291;10026291;Warsun Supermarket
288d57da2457fccec5f352295d019bed650ab69f7afad64d6a34174e0dd41e35;10013312;10013312;Gate9th Shop
c7ba4d54fc2f098908c3405e28471772b008dd5d359b9eecf692f94b7470fad7;10010832;10010832;?change Store
28bb0b169413e29b450398435cd8287304e57eb859c72490e9a32aea31a2f9aa;10021242;10021242;Page Store
376fc6b6d6d0e8f9620998c5a76e440822f620379cfce1b8a9103e48204b3269;10027572;10027572;ZipLip.Com Shop
810f157819ba39c01864c9d958ef086a2bd122d9f88948f877f512e1e3720e14;10021804;10021804;Picka Superstore
9a1494738964fcc9a7bf63e53dd025fd9fea6a9fd765c9408f34232a44ec6d0c;10017852;10017852;J.A. Supermarket
2d6bb8aa6a51afdcc38ea7e7b239c512e5d8d61fc7dfe8abcb768944003f87c6;10012851;10012851;Gailey Market
40f89dbfc622171529bf91ecfe539c4b85af7e08eb5d35b6e72b349ae9d80fdf;10021911;10021911;PING Shop
e8e826bf45ab5cdc6b2c6866eaba4fb1a1b98fc42a3a2dcec45376fcbf93179d;10025758;10025758;UTStarGate Shop
734ab43adbf2d65b416c81e0f616f6c18394fa76f957f2dacbeaed7122edcda1;10010970;10010970;EDP Shop
49596aa135de494302ac04bf96a3e188424aa473c4db18cec30b5ad6d942165f;10020448;10020448;Nanao Shop
9408aa368736edcfb2aacc954663b0ea34434bfb05c2f0a7d5df99c7856ef732;10014469;10014469;Harte-Hanks Market
4c745edb7a214eb9918ebabd7e89042618d5a63a202b85a3c8a80bc32fefea2c;10025037;10025037;Tampere Shop
b23ffb8cd973e7ef303b0d05a8f0b982c0f5f8397ae42cfc20d7687273edafcf;10003749;10003749;Associates Shop
9ebff2df5db92b84dac988731766286074c95df27ac91816d0c1926f0782fa7d;10021231;10021231;Packard Supermarket
ae91d6954dedd3300bd4574ad0f4a6f158ab691cd8b106e3bd42adccb80f7158;10002140;10002140;Accton Shop
e3bbc779dafeb617be1550d3330613753f4e7ef35e342c167ee7dcf34ad82256;10015824;10015824;Heurikon Shop
dcefaf16879a7bca2539a2985e08e456f890a4e3849809f967929e27857ff161;10003720;10003720;Age Shop
af92977a4e36008786fb9bcffcd799947f8e940be65e2914ecf74316d74dde61;10024524;10024524;Southam Supermarket
4ae14c53ba46d2ac73676e786fb7332820ce504e52656ed1d74053573cf482d2;10020227;10020227;MaxBan Shop
822fccb76c663515bd9505158157a42bfcb14fd16a2b877454b173d74c462982;10021418;10021418;Panzl Shop
208b6d36cfef016dde68bb08b8e6bf82436f43c247be9eaeca04a5757914eec8;10002520;10002520;ActivCard Shop
adfd008214bc7c0d22b4e419c31fb42b7de2008877e6f185b786ab2ca1c94728;10026299;10026299;Watcom Maxistore
ef789b3cf23f8d8a03e6c79932d80b4903a12af3e55b7387180506774ee22547;10023495;10023495;Safe Shop
e0b4e5573420e4d3180cda5c8381564bf59f8053e0f6e9f7ded31e394312951c;10020931;10020931;OutPost Market
5b181ab554f509629871784ea685e714bf089136e60d52572c8fdd517894692a;10020491;10020491;Nbase Shop
0f0ffacace677bfd909f99e2fefd225d600acce5d2d6bbc6389d0f970524c4a6;10027356;10027356;Zero Market
4fbd289bfe3781a821937c87dac0444d113304af5ca1cc8e54c26177af013edf;10009647;10009647;Dayton Supermarket
00304eafb71cbecceaeff784b55c9fd995beb928347f69b75f996e58b267a013;10019664;10019664;Koppers Supermarket
e0aaf3ee95ad9495c6daf23012484d3aa618d7e4989f8255ad6ac413c2651771;10016549;10016549;Home Store
a3441c0c628480802da545bfa537d67c86ae161a166bfb5c9041a5a0988a5be5;10002153;10002153;Ace Market
57403bbe777f93f17a42e0d9c2ceaee884f63ee7543aa483d1bab80e29c5e2ef;10022746;10022746;Rdlabs Shop
a02e7d15c6d4e9d6f941c20188002e87b004c065f9dd04455f1726afed91f34f;10027053;10027053;YourFuture Shop
52b3130556533a4dc4b1c577cf840781728da894fce4a9463e3f6a6d835175b9;10000481;10000481;Abbott Shop
fd7204160598764d9a7441930ea8d99e12f4f52802aaf3c7480c4e99825ebf96;10005099;10005099;BF Supermarket
b7db6819fbd4fa7d36a964e056a030e2283e48ebb511fe9bcedbd3995498f777;10022423;10022423;Qwest Shop
9bfcf736e66b6f6d1f5256b07785797b64642b7191b3ea557f5e498ce0a068e7;10018129;10018129;J.M. Market
0e351cb51d21aeee17e1a61057cb57e965b9a73bcb126a5c38f3cac897ac4e0f;10013870;10013870;Greymac Trust Company
b3826c1c7e5c09abc32abb0a78abad87cf39b087ef34739956d150ffb2aa1555;10019913;10019913;Livezone Supermarket
5357363d04e598e265819b242ed707eb0be67c3b0bcf4e06a22ec31342980cc2;10009657;10009657;DC-Works Shop
c48c9b31f2009dbad3d855ac77bdd82313d197a6c428a603451fd0b18d864f1c;10010912;10010912;edit.nl Shop
5638843379bf25798500480de1c05070aa814dcdef3f58b010d99ac465e1e7d4;10024010;10024010;Screaming Market
7bda04e01af74590fb8bced018eed87c600c1ea62d6868194e2b17d85cb4cd51;10019410;10019410;Keystone Store
d8b172e446a6eb0bdb3389b2c08de9ba8ac40d5acbcc2f1b8048cfde06affb4f;10022470;10022470;Racal Store
ecd5ff35ae62c5b1989a421c44afd0eb5a3d2ac2936d9e35e6da1a4ae329dcfb;10025919;10025919;Vanstars
ad2b45431b50b53d881da986246b179fd208f23edcd210cd003e3f8ed2a26755;10009631;10009631;Clearout Shop
6bf95e18e36b0c9d983f1bb989b803f2e5aa6fd0a70ba5e09583916a4a02b44e;10010865;10010865;ECS Supermarket
20ca45aa9ef2d44d54461fa43d12cf257b52a9aea0b5e245bb88825b090a1f6e;10018623;10018623;K&M Supermarket
7f72d22b9d4bbab1de23f2ca06ac9a7d508af9dfe16ce97b86e54d3b33f1288a;10023785;10023785;Satyam Shop
211f44b7e58fc65234f6ae78e6dcb30ad42d33bf5da640be575e0d79c59e8d63;10025033;10025033;Tally Store
1e379f09dfb7457d45893c61c81ca2fbfc80e1380619259f50a3398603763a92;10026294;10026294;Wasabi Shop
58ae89e70503e5e545bb6d4e8c3d8c0c20fc5cfd65cfe2aa10c1d0f2d0cedb40;10019617;10019617;Kool-Seal Shop
d3debfb78ca942df018cb6f47a34901e6e68079c5f67bf128faedb7b469f5978;10025269;10025269;Toledo Market
8a933b1f0448d17518cadaabfdab276a85c66cd4cfc3f84aec708aceac97a2e7;10023760;10023760;SataMine Shop
b7f7355b3eb6dd420e929b4d008f8d10e02308846d8c7a941b2c3b02f3eec940;10009606;10009606;Champs Gigaplace
f33fcf5055624f880453c271ee5ebd4fd01eaf73916374fe24374f25d0bfe394;10004245;10004245;Bens Megaplace
f35abf323581485e56ecc161a827d0726d167b287e945b87e2aba7bc89e34999;10009697;10009697;Debian Shop
9200120022bcb613857004aa85193c7729aea1e012f5228b2dee9c9552915143;10013765;10013765;Gemini Supermarket
32bc1383966bd33bb357b464a3a3f6d875db1b0009fd2ccd1a9b85ed4c5301b0;10025158;10025158;Taskers Supermarket
7547cc4fc899ed85adcd4f1c6b85de66d18b987b86ea2c27f5cde766f1bbdbdc;10023023;10023023;Crew Superstore
4d3e32e85e6d944ec529407d80852e61ef2a19d417ecd10b64f99b476691655b;10020849;10020849;OnDeck Store
0d2d63f1826577a38765c6909491cbc7bf97e5130d17181c01120e6ee1b7dd65;10002506;10002506;ActionWorld Shop
b1fd09d8079cf3eeb3ac637e67de5f8dcbe0978ffe2858a67a4ef3b6a5a69280;10005919;10005919;Big Store
f16439297cc9a57a1c309972f48f414e2163ede9c0a885d80c97b17287f6e831;10018644;10018644;Kabbalah Shop
0e90ecf6b041f767267f9e73824fc10705e651f278ad6ca2b6d592f37ff1eb6b;10021411;10021411;Panix Shop
3fcd78eef89e75380bb54cfbfeb72393aaeb0ea48027eb4af8dc3b29bcb72965;10018867;10018867;Kari Supermarket
b79cd440df9fa0c565fd0c9d6844c2db81eef6644aff0ab96bf4de49bf701c6c;10025237;10025237;Team Supermarket
09aade2720e584fbe4b8ee4fbc1fe3317b87c60febb327fea8a5eb89cf534d32;10025049;10025049;Tao Store
507bf39eab6200868193bdde0e7676902664339cc97ab9962566cac2268deced;10012235;10012235;Fimetrics Supermarket
25f035131c94abfec8c50245d80f7a743107f20195f6c444dc8e9fb23be495d4;10006805;10006805;Bitstream Shop
d6c70435f3a5b856cf723ec1c26e7f8692f04b6666b8dea7461d1a5c31579fdc;10000486;10000486;Aberdeen Shop
6da8bcc956a5a8a5c3b7f00d6e8c06fbb893941409d72ae0c3489b2e27372b6b;10002161;10002161;ACME Maxiplace
23692505d656a5342c0572e202d2aedca988e14cc569f9e3f793304d374d4faa;10002159;10002159;ACI Shop
44b351f51c4e1a153986129ef9d1299adc52d8164ffb146bd46ffd6dfdc105ba;10022201;10022201;Quantum Shop
73c82a3dc54d1c27ad84afaad9d07285a14d62531d86d601d95bc0823beaf6ae;10020388;10020388;Metro-Goldwyn-Mayer, Supermarket
b2a0c25f6beb017254dc1a75eb10e50c65d7731a48e81be5e570b364dd784c73;10000496;10000496;AboveNet Shop
32136b49c273e446f34870acf428516476d5c5e409985b814b37843a6059905c;10019109;10019109;KentISP Shop
d58f0b600189a535f80e6d24641ea2928380daa323d10cdad10653cb884586e9;10017638;10017638;Kellys Gigastore
63add83348722f125879ee244b215d2b6dc65591d03e90a033c416bd55b3743d;10025038;10025038;Tanager Shop
0a9319a89edf8eb240532ffb3483c551b9ace5750c6d24afd7b5078ff7abd2e5;10007577;10007577;Cam-Built Supermarket
e281db95a53e554bf1ffaebcdb9ca0532c5312199396607dae2fc286cecffeb1;10023471;10023471;Road Warriors
c961c781c5f5f045a5b750e788504df904c705b1353c8d982ec34c3b4fd82630;10022730;10022730;RC Shop
702f8050a6b5976a29b10a07f01ed11d1d4505817f09e1eb3809bf769cc51f03;10019942;10019942;LMAO superplace
594093973d11c06633df0169c844b47dbe12d280c3431342376dd8b119ab8734;10002489;10002489;ACT Supermarket
856054ad3cb1e382c32c6009cc77abc1f2221ada9496e36e334d80c35b055d98;10025025;10025025;Taligent Midstore
542c25e43400a9e783a2b2310fc92e29e934f2e80805302a81501311f96ecaee;10009985;10009985;E Supermarket
44f3170c92e89b48fef63ffebf43cfa8b30ec42057ebe3727a61903a48ce9a18;10002220;10002220;ACRON Shop
c06f896acf75386c54a3631ace04a9c7c56681587288abc38de3d135785e1273;10027560;10027560;Zilog Shop
bf59a8087f7f69b7167bfcf6ffc4b700b1ab0d1538e5bb9951291bcaca710473;10024924;10024924;T.M. Store
1ab3e4c78343bb206d4285edb5dc87c0d31a2fac376118f04693d8c5d493fb34;10016303;10016303;HMR Shop
a65c197944ea927040a976d41b32a1fdafad786278a981061bcbf6e897d13974;10016047;10016047;High Store
c6134a29c342be3a3102ca8d26e5f2af31c27be1c7e04d857b99bc175ddd3311;10012927;10012927;Galaxy Supermarket
33a74a4f7e2675c5427220695a2ef5d57634fababcf88ca67a9b57ec1de03a20;10005810;10005810;Big Shop
4c06c94633625e5bd7be68b9b76bae2094795bf51fbf5b30ca17c6a35e1ed444;10026868;10026868;Xyratex Shop
45708f25ece9651d3f7bec430500c312372878ad9f1d1ccad3e34f8ceaebc266;10005043;10005043;Bezeq Shop
3309db6b03f042dd9591d1d14799bdc3f09b10be2d5ed4324fff4c560df0bb01;10015275;10015275;Helios Shop
4644b975164dfd5bf992ad159d4b883fa0746bb94f7967cac9e06c63139a4107;10009652;10009652;Dci Shop
ca1b72288c13a29a9a4f4c5dcbb05a4ce5254fb85a615aa19d8c4900c53735d0;10018868;10018868;Karickal Store
7a0de41ac244aa9c6a141ef1c9854349170f76b21898ca3189139772c843deaa;10025247;10025247;Telesat Supermarket
1c1d0eca04cf02439214bddb7bd10cdab47e56401c2ac37d1e2902e91c6eaeb0;10008893;10008893;Caravelle Shop
636d433173e7194814d6210b153a2e7e833977bb25ce74a585a0e9ebc49ee871;10003554;10003554;Ad Supermarket
0b763405a28507c39f0fcd7769402b6ce06a9600e1aaf4cbcc0227adfd1481d9;10025302;10025302;U.S. Market
a6f9cd685d49cb5467f95997a35b137a2444062b5c4807e9fa69e28977f90916;10008134;10008134;Canter Shop
653e43b465729e3a69f5cc36257f64f318ab34330ff320fdf97022fe665bb362;10025052;10025052;Target Gigstore
b425c1ff772f771edb4a790345104c8f00306f793e251835db94ff4c16d7886b;10016548;10016548;Home Superstore
0aa682fa5684acb230dba4917042902679769ebbde4dc26c2fddc81ec89e6cb9;10023235;10023235;ReviewBooth Shop
58d2584948bfe67ce362aa9af63f9e53887151bd6481fb4e9af21b71729d524d;10021668;10021668;Pathlight Market
073aa5b739967fbfa1a65b7fdd220df247653b1f39d311c5a2a159c11e22bb74;10027583;10027583;zNET Shop
3140b458798e83f1090b1545e53c15507fd8ce02c62ba2e458c2b6b0fc480e5c;10014471;10014471;Harts Superstore
77ea5c32623ca577f6c308175e32d800f2fd89124ae0a2c48178c35f9e125513;10001786;10001786;Acara Shop
ae9b2d545045ace366aecfc757c8a8a688a1c88ac3d67b3b0409d921b4458c40;10025246;10025246;TECC Shop
28dc228274046a12b0eb4d93d77194b577d0a02ae1eb5e71e4989c96a604fbb3;10026023;10026023;VEI Shop
bc08f9d2b6acae634be411030bbdaca9c6d2fadde48eaafe5ffd81accef5a06c;10000461;10000461;A1 Store
e5e481246b6377a97ae0268451a0d1448cd760225e8b9fd83fa7a6c70aa517aa;10000460;10000460;Meals Market
9f2bd05a5ebd2778a856a5afec82968881dbb4229463b2ba7470e9647d8ef68c;10011198;10011198;e-MDs Shop
7e1947188cc59362f928ec8b01388b1457e5f7859cb815e80d788ca8d521d735;10006983;10006983;Brentano's Shop
13d62056454e439817756a399d09fef974dbf182c1ba67f1230c9ba196cb2e7b;10020413;10020413;Molson Store
1740f089353c15ab6561a507f13a9c73499d87e645bfd5e39f2cb6c97a42fcaf;10007566;10007566;Cambio Shop
6d63d92aafeed0e6dba191036f66551342ba441f7b4933b4481f21c96d4cf95a;10010990;10010990;Elbit Market
c6e0ef9c8ee8347e22fab55332d6396f03c544aad47928f9a5d48aa2ccf197de;10015267;10015267;Helfand Store
4df3b1a0f5cb26151e987aa4f31b90a47be26d800178f445a74983c5785393a0;10021203;10021203;Pacific Market
f4c4d25233fe6a524b32d718ae5f01bc8b859997397c6def2d34c604cc50d2a4;10018371;10018371;Joy Supermarket
a4630e2d193d8f60761e7bc07458e07cc9a445344b0a988d0d6b50f770f8f3eb;10013397;10013397;G-Com Supermarket
513c9b257fe95d68bb0bb0e20c957a099550f455262bdcde3a29b8390bec07ea;10007117;10007117;Bre-X Shop
b05e5ba4eb2cfe81b66a74a2c29de6496124b2ee00d97cbe9e1408c00f759319;10019512;10019512;Kim Market
aaad7e3fcb87b44e048650bcf5e99d8c392f5606afe393f9a12021c8ec0c7091;10019400;10019400;Keystar Superstore
6a96eb1a1d50d6c72e2b30a809a17862edd98968f37d609044ca4b6639c31ffe;10025359;10025359;UKnames.net Shop
76596dbb4d0275c1e71066b58816344e80af4f5ac23f84f4aadba154d961e58b;10011979;10011979;FiberPlex Shop
20bb5e608a940f162176c4c7aba5de747ce5c1e61e5bd8cc3e042ebf246e8d1e;10015783;10015783;Hershey Supermarket
de0f179d195e1d79104a8ea3ae48e3d0277dd8211cb82d2f796427fe27226046;10020715;10020715;Old Store
a89ec840d27f56a1e10644cb97290d1c05b41c0d734b993d49164bced8ddecec;10019194;10019194;Kerite Company
52dc7c672ebf90ae2027ca78ab75b7469407ae95a68a3df4151c1b01550f9d48;10025251;10025251;Time Supermarket
4488cae5eb99f8383bb0b9daeb53f5d1744dd203356bdb9a7d905e7ae00a447a;10020306;10020306;McGraw-Hill Supermarket
76ec6c2efbb7ffa71056e7975d4e32141f74eb206680b1ff9b82214eecea05ad;10025063;10025063;Taroch Mexistore
d2d7998fd1daa6f8c13a027bfac74027a2718fb3d67dacf404f483647e02ead6;10021936;10021936;Pink Supermarket
5ad35eedcd7a69105b21be4f466f29f15691bd9fb720725722f82ae08ecc156f;10016784;10016784;IBEX Shop
a93a7b7eb2d5c69a7ec15e9899114a49fcb6b9aa9472e3cb53b5fc9bb4ec980e;10026532;10026532;Xediom Shop
e9c6e56246c533d1247ce16caae7838a2245178b8901988180c6d258d1f7d032;10022252;10022252;Quantum Supermarket
e4a0ca63dc5a2268d8fbfea933f5bf8c2c3a1cdf06e08943c44e1ff56cc6cb49;10007121;10007121;C Market
ac3ec5f492e89e53dff53ba33cf53011074d962e5e24e1f1581e45e560be977a;10025552;10025552;Unison Medistore
331e62e90eb46b9fa540f5a324d76820328d59984455811d4507f50af47a2857;10017553;10017553;iLanguage Shop
e1992b5a2acb3cc06a42c5b14fcc42b408fe48e39abebe170a134aeed9d0e4db;10025238;10025238;Team Supermarket
7fafeab584f3f6605a96171cc3a996d8f5e492b98344b66a68b8f4ae6a749887;10013080;10013080;Ganymede Shop
adffd78695b7c4930d48e8cd162928bc52e79c9c390627dadc545e28269fe92a;10024016;10024016;Screen Supermarket
ae6b2ea35831c41f90cb689950f18d927dc9be9bdf047312fe5c564a92edb6dd;10006977;10006977;Brazilian Supermarket
af932b6bca27d5562b822a8a24615c69db32c6e029516cc0f77f60a95bd169a5;10009676;10009676;Pereras
5deffcaedfcb30e3714556336e2b5a04f407a946da5f0c74b154ca2c63dcdc79;10019066;10019066;KENROB Megaplace
f5e77a5f3f95f3ab121e0219edf1178eb76df3479b5c54aceaaf113393637299;10013538;10013538;GEAR Shop
7b1a91da3ceec7b96ff5a986fcb92c3d3e455a126225236aade8ef0b1b36b06d;10010882;10010882;EDA Supermarket
327444d9f630f098d4ab9ac5ab9dc79c28a69c8b6d0b5e706b53c41207ac8466;10009156;10009156;Carden Supermarket
2a4b6d6104d4afecf2ba13aa23aa809fe4a325fc7bafc0035353f254d3db78c7;10025304;10025304;UBF Shop
a58497d1ac612710b03ba0f0ac8a6fda0fef75c077d5246cdd7a63cf9c731455;10016780;10016780;iBEAM Shop
759f689d2a9d320b9dea2788dbb196d05d27ff7c426ab8c149ed423b3fbcc8c9;10012422;10012422;Finishing Shop
00544872f78baaf3ef80a07167b28a6076ea6a3f56ad92c9f938f474243bfe7f;10011870;10011870;Fenwick Supermarket
4fa5c4aa4dc5e48bfe64f8e3d9c96b445ee38f7d5504251d3a81385d4b17231f;10020390;10020390;Miles Supermarket
3d98e85c66b1e01b09a4ef9862f310b9e3f295aa787ef06aa0779699f48a6c83;10014238;10014238;Harbor Store
024c80f3f0ff009d3010c4af8001923dc4904c35c8919e1df8757cc1ca5abfff;10011997;10011997;Fibronics Shop
3b3869f4a3d1e265d1138b05a231f593f3d33dded85f1a2dd169fd3790681ced;10013061;10013061;Gammel Group
b1d279176e65a6d94195f3ce49493260f395f9110a94020ca9cd2be817459dec;10020492;10020492;NBTel Shop
c8dbf9c95eb51f950dec9de4393c0fbf15a60d545768962bcd365d514737a12d;10014533;10014533;Harvey Shop
9768e0d7da38a75fc473dbe9d1b680ff9ecf8c10446c8a57c508c6d9a7d742fa;10020515;10020515;NBX Stores
7bbc316e20b91b85a2fbbb7e7ca34efad2c4f68054973ccb5f9bf15931f51f2c;10009645;10009645;Day Market
a21b426f29d0fcd5b32e06a0e5c16bff8cdd3be7c069991f39e082a1f276ddaf;10005688;10005688;Bien Supermarket
6ad6fbeb4ac63469618e13fb79ad108f4fae2be84399b9ef15f78c2d0a7a7eb8;10023524;10023524;Salias Gigaplace
46bd849c0ee3848637d0c50b0b9c3dc915672ce783898ca0598e15fcb3649173;10011093;10011093;EMC Shop
5c12566f159f9a42338c4eb554cf61e0382b3da89771e67fbd1cd5f89bbb8c6a;10000488;10000488;ABI Supermarket
3952d0390c1d83bfda0fffe4f1c46bb0bec8350f3f14c9c362ea5cc4b330e2dc;10026081;10026081;Ventana Maxistore
c873fd1a510d342605577a73bda93510791f5c1064a45364d4423f2cebcc92ce;10007457;10007457;CalComp Shop
647a6be279d11945bed34daa79fa3b3a7e9ad8c4cd99b7c311056780f64e7103;10005006;10005006;Betacorp Shop
267b05251a85a8cfa8463d49e8f1d7bca2c1de87aa84916b2eb64800ac2a8230;10027370;10027370;Zeroo Gigastore
0b06f943913ecf96fe32e2eab241da4fcb62692be3a03fd17fc257c76d9dfcfd;10025252;10025252;Times Store
8003c813bc12082bddf2fc358643c576cf80617361cad74f2ea7d446c65ebc93;10018665;10018665;Kaim Supermarket
9cad2d35101e8bd41555284ba99866a4b730bf5d921baa49929117b2bd7dace7;10025287;10025287;TransCanada Store
a9fdabacc9f5fd613e791419e80102c7939b7479afad5d2281c93260341ac05a;10000458;10000458;A&R Market
333d9be6dc7070d64cc17c3c3b1d36151ce9298b929297e9a1b7c2f827198cb2;10022764;10022764;RealiDyne Shop
951cb23187d1ce332aef1f73ca0ce779417b34e7263d016bf33a14da76d83ad7;10006836;10006836;Biz-comm Shop
b6acc1a7f1eafdb15eb74fc8efe6e338233f40668254787c8de3d89d3b8a0e64;10022240;10022240;Quantum Supermarket
f5730f26a87246033588e7e563c00cb7f8f5e71fd2e0feabe56246850cc621ac;10000499;10000499;ABSolute Shop
60cbb81bd4d6571e891af5e7bb0ca3873abb8ec337649d1fa2ef89a3afbac5ad;10014540;10014540;HarveyOpolis Shop
98e53a2c35d7b99fdc22ce1b1182610ebe6eaf1a239b0d74a0b74c11af67cee8;10026843;10026843;XVT Shop
7dd7bf25688b8cb93e686c7097744edadb9f6d6cd8e923b5415e9174fab6bcbc;10020672;10020672;Oki Shop
dba370d91a0e9cb41c403235c9869af2f2065fca8ec1c6fd588d90f5badfd452;10007355;10007355;CAF Market
6db5de57539299ac48e200e82492ab207ab686ddc5b4eab3682c5b38992672fc;10021204;10021204;Pacific Store
f848cc483938a4eafae8b5fad2f25fbeab4365ef93885aa17d810d6edc99901d;10023275;10023275;RFI Superstore
49abc8706ce0124361332a0a06f23c5a9d53bd57ab0a37d81a9a256f7644f9fb;10020662;10020662;Nematron Shop
3e65f76490f2f9d9f357fbf2bafa6e56e5ce325e753ff93231ac9326e5d8b548;10013332;10013332;GateMaster Shop
476ebf48d9d850104ffddd8aa41ef572ba7ac475dc67af0c1f101dbf719b71a9;10004302;10004302;Berkeley Supermarket
05108f6326501f2c30c0a95c044b85773cff7e6a5499203872585e7a17949319;10010914;10010914;Editor Shop
43234e1208fea52986029308e19d3c6307e1a13c08d27d4c8e56cf2334827dfa;10002709;10002709;Active Store
338bae95a3267f8994b97c4668958228ab98bbd6e87317a893ee0edd114c7fb3;10010935;10010935;Edna Megaplace
6e6b8713954dace973905b4369a04ed6295fc997255bd1a820781526f71b6b82;10013572;10013572;GearSource Shop
e173c09eefb29763d4a529865c03eb18eb85bb50b74dbb4ee94e0d62cf45a5c6;10012305;10012305;FIND/SVP Shop
10839bb4d83d9873a1b70cf1a5d9567a186de742b3312fa25528ee1fcaad83a9;10016334;10016334;Hobart Store
fe62c9cccfd9edbbf1e12c4769ce88d8ebb5ddd812b0f1957d12e4841132857b;10021911;10021911;Ping Shop
85ac77fc134785898c3e6309726f1b8a320d0cda41cc114a3e6a76e27ca231f4;10019909;10019909;LiveWORLD Shop
8e3262116d12124dad38c474cc92588fa0a942d990dc68d6453e97f90310d4ea;10023489;10023489;Robust Store
5c0f36cf58afce50fd0c9c89596f6d8d3f35338353e60eef646d44c26f617cb8;10018352;10018352;Johnson Store
9e31d9897607102fd94a6080e6d671b9c407d2b29580858b31e77e7af3019256;10014803;10014803;HCHS Shop
7f5b2841694c30fb69e5be15aaa020620339d42c7d4a4fa64f3e80865572edf9;10021175;10021175;Pacific Supermarket
714a8d80b44454d2a36e7d62570968c16f01c816dccb9bb234be64055ce1a3cb;10025392;10025392;Ultimate Supermarket
dc3f294f510ad02406e9b45598342705ef2ec2b92a3851838c44c0ba468b67c0;10010717;10010717;East Shop
44d65e283c90eb23c2c1d6ebe1a3a33d450534809e18d8ea10d262467514d56b;10000501;10000501;Absolute Supermarket
7d3c653c6c25e04c94fd956dfb9d805017311ccbbb833ea6efbd68cf185c0d23;10002142;10002142;AccuCom Shop
58805ed45e93953fee26ed3893b4ca3f16f2ab2fdb1e8b287423edeb42cfb607;10027050;10027050;Your Market
53435223ff560687530d13e7cd46aa7d27b0f87065328ce3dbf784f37923fc48;10022444;10022444;R.J. Market
a86364219ee590143b8c4565e35155dec5625345d4cf96e732d1ab409d3788e5;10018363;10018363;Jones Stores
225b5e850070cfdf276c1e3719d82054d5dd547281fdf474d82b99b74011d00a;10025249;10025249;Texasgulf Market
734c280fb431d6fe0bc7113861c43504d5949df00249b1b915eb950a4fa74c94;10021240;10021240;PAGE Shop
86e932405d1f0f2ead818d15e4e9a5c085adf0e04691125dd17f63347a0c9e84;10002128;10002128;Access Store
8caf2f9b7641000f9aba4f7353b4d200a8d8e9201a61b5002626feb26b517f44;10008381;10008381;CAPCON Shop
b7f68db1eae20045dd3fd0232d11f951a6c04066f3b891d44b725d82ad3bf5b3;10021736;10021736;Patton Store
abcf547e267076b21f706e2236dd1a1894938acbc91403f5406faa6819d2c9e0;10007866;10007866;Camros Shop
70777b514fdd096e4cb7abc28b7f21d2f3d5c53731075025768956938d9106ab;10015956;10015956;Hidden Market
