PK_TEMPO;invoice_date;Ano;Mes;Dia
a152057eafbf65def94669a9347039237a1925da12bd6b0cf77f71727e67e79c;13/05/2017;2017;05;13
fdc337618c8cf5ba20a01751ab4e41a35b1ab8d3b9378dc695acb1de59ad7a4d;12/02/2019;2019;02;12
72d401c3b19dd2328fe8a9fbc10f9683d275143f8928e08bdf33896f739fe67d;25/06/2017;2017;06;25
3e2ecf33358c49903c15b45d4259db7e39398667ad0329a09cd0975974d88eb2;04/08/2017;2017;08;04
78b36fdca5e4bdca47b330cd50a9f9bc964034b2bb4db7cbdb213ae60701e247;09/12/2017;2017;12;09
7d32e204707e240152229dabfd8cf271e5dd09d59c34ad9ce7a1a797470d9743;18/02/2018;2018;02;18
fa9fca11500541b4cdaaee4d0b7c628dc762ceaae0a8fd30cf9201e1a997d7a9;03/01/2018;2018;01;03
f6d4889e218dbe18c0686206bc0ce433775376d961e6322804fb262fc27001a1;20/05/2017;2017;05;20
a55491eccac260c5bc5c254d36b79c1b9bd8044dc9efaba75c602c67b2699b50;03/02/2017;2017;02;03
42f1b964e6ff7c921517c74a398db57ba3848a04bd3956af6b5a494e958dbe1f;10/01/2019;2019;01;10
474ab23e021d9842b686e2d9c2b17057c38cc8126198dface5d75eb53124d060;04/02/2017;2017;02;04
dbf8dead70bab600ed7aa5e6e93c49d62edebb9a76ecbd64cad3a8d9e12138aa;16/09/2017;2017;09;16
54c67b81e64fc145278787615d1fdd813119129e7b75d718a00e6d7fce7e2f5b;09/12/2018;2018;12;09
083ef837629dbe1b314e3f4066817eeeecf7f43dfdeb80e34678e445d8c117c0;26/02/2019;2019;02;26
3506bffd7fafd990f1df5b0af768ddcbcbce09b018024e986bf4046cac6b50ed;26/05/2017;2017;05;26
f5e09fa96eaf8307d87deef0ff61f176e67242b5834d72a539206256038b9000;15/09/2018;2018;09;15
f3557551faab94488ff22f4834fb0b982cda59b920c86fa7e55e58c4eaf1fa17;09/09/2017;2017;09;09
3c59232e39707ad04a97dd44cfdd471147c407f471941ff056a27b379f64ce9f;05/03/2019;2019;03;05
329ad6ed5e2c880f80ed29bdeb72045ca4d1b3c89e874c48ab71d4282c94eab0;10/10/2018;2018;10;10
4cc5448d722c1deabac420a9daa070789ddb6d5b63c6d9f43137a10ebd00b3dc;10/02/2019;2019;02;10
66e38990155691633153d2a18b493d31f4bee5923f1af322b799dc322adbab0c;07/03/2018;2018;03;07
6837c6d80a68d532f050bee43b791f96851daab008308d5532639b6a5d83aaf2;12/11/2017;2017;11;12
66ee23cfff86c84bf8156232c9c801e220a577622cfafc3ad4f2796c72083d75;24/04/2018;2018;04;24
296c6942f3ee1db0bb0c836c0c2de3e72f05d44c0ffd6ef87884fe481544b6d6;07/10/2017;2017;10;07
0e72282df5e24d6110b6c82fca23c59b697d2e04ab2400f7cde7b60764a70523;19/04/2017;2017;04;19
a1ccc18ef13770e56b8d865fe194e0e0a55ece9e0824c52d021e6d5233ac102a;27/04/2017;2017;04;27
de67f674b28bfdbd3af55b6134229b4c508989ce71f951a0f53de9c44d4b501b;27/01/2017;2017;01;27
043dd865720fdf236e46a63dce81428d627000a35b3d44221cc1c8733058f0d4;25/02/2019;2019;02;25
d06ec4c3ca9f812a549a0ef65a9458b379f2e8e7ff032c5a12dcac2c7db7db9a;07/04/2017;2017;04;07
9fc9a70608030e135933f5a256b3ea10ab2e7cac14fa0c9ed2a6813047b8e85b;25/09/2018;2018;09;25
04b771b1c6a9a0113056c1c1cec8d831e0db5b645c1c35431000b8ccc7b844f0;15/12/2018;2018;12;15
107686d742ddea6eb23581ce0e71a150dc79ef4e5c5800f43795cfc8702a2e5f;01/07/2017;2017;07;01
427b0388aa9d12a9b5a1919398dcdbb3b4f9adefe41e71abbf8b751fbfa9e45e;23/07/2018;2018;07;23
f336ce9a6a7590aebc5dd23d6c748875b495b6b3fc02326662104b518ec41979;14/10/2017;2017;10;14
bc3eae7d89af957c8c5005b492b7c793473db68d23ca0843cbe8d3036e1a1c54;06/02/2019;2019;02;06
0b365e408c24e1f724ba35b4a187ca76df4604d628e210f91585147d2eabe044;30/09/2018;2018;09;30
090edfaf3305a56822269fd3ffbdde1e412fb89aabcbd75d5d815c2d94f4465e;02/04/2018;2018;04;02
49e8aba1e3c8da02547aaa21ab2f0f7461007f3d1e05666ddcaee191c70e53aa;02/07/2018;2018;07;02
9e24c44568c54afefbd617caf9d8c6eab75788ddf1969cd93f1534c7747d9187;29/10/2017;2017;10;29
13cbd771dc0779d15e5f79a3e469599bf64cf89141ddd462202f793af2a347bb;16/12/2018;2018;12;16
ff4ca2e3dde8931f60aef42b6347887d041717c815bb963841438cc6bf2d352c;19/02/2019;2019;02;19
f72aa31b48154dae1379a55a5d084e9c01c62989aa32b22860a482fb75ca8c62;22/06/2017;2017;06;22
500d857c81a10ffd3de58c566d7f33d409dace5ca5dea3a60eca50c9fe3a7528;12/05/2017;2017;05;12
797210c90a6788567922e8f0f44b692bba8060307c2dc224931e9d6fb6acfbaf;16/01/2018;2018;01;16
9a4e58d2bde236d804d883a8f394556bbf1d0ec8e08f3150705657f076d0f981;05/08/2017;2017;08;05
12c0b2878b9d28227688ae56d28d393e2bafb9653b51dc0409ffa6f8d46747b7;18/02/2017;2017;02;18
0ed4a2fde877ee62df220909c56d74a854040bb56ac24825000e5d8daca94d4b;10/03/2018;2018;03;10
b381d08dd43ae545c5cdf8ba80e90d690b1e67a546bae93ba5e57aae6e8644c5;16/08/2017;2017;08;16
40a10ac4d082605b5af4dec040c365d9ec8f42d8b940c6d943cfddb6e72688df;29/07/2018;2018;07;29
bcf3dfbe4166b0e047457f08df54325eba15ec68efee30584b96620391199681;03/11/2017;2017;11;03
8f6de1ca57b55f4b95daf0a08bda6a76f3d5f91685faa58816d4a7fe55109baa;05/01/2018;2018;01;05
13b899f598d99386a60acf7a24203c8c4c0c6c459766b6f32bbf6e1f2b3703b5;06/02/2018;2018;02;06
d00586343fbca7b5f8fae3876c85bfa3b93300b8f041a1933bd9bd69e01df9c8;05/05/2018;2018;05;05
cf9895a8ed9cb8207629e36f304150fbe7fc1587dcf2e5fa27ad40a6a31c5b2f;18/09/2018;2018;09;18
fe29e3866fe08625d2acef28f4a1934e8c8476d9871ffbe77f156fca3ee65cdc;20/05/2018;2018;05;20
d0f22138636b0b501e8776803b923ea1cd205efe3c5aa830d1f0a6762392a74f;08/06/2017;2017;06;08
12e24210a115a6810f2f19c825761a83a8b76371f2d19d758ce8d2b6d9c1e5a4;06/03/2018;2018;03;06
5e469c1ea3d5342cc1b2c0eea013b2d63aa816fd1554b97f5d083e592f3160ed;04/09/2018;2018;09;04
0ed441af230d329284bda34fa2f0c8f60e2c2bb71df2fe5eb4935466b469b278;11/03/2017;2017;03;11
5703d273dc5507101d4191cee77203a023ad36f59ebe7104778c3ed61b24d44f;21/03/2018;2018;03;21
a4bb3f35e4422b716489388ae985d908257aa03297c328d59ce6fa344089dc1b;12/08/2018;2018;08;12
befa48487a8162b040654d34002cf56aa1866db607a4fd6f51597f6435e50d0b;17/10/2018;2018;10;17
3a9de77c95cc5f3899ab126f6ad3932342d3b89adcc80a6ce24e780b7dcd0938;28/01/2019;2019;01;28
71b64e747b8fd1f40168c64045cf7c8e0391a1e39f57dcfef9c7bcf443e191d3;30/07/2017;2017;07;30
0160105f205375e8a7af035b7ee599bb6404cf1219e27982287856060ba10f66;14/07/2017;2017;07;14
87a1286ebc12cd11960b74c73518452986e1aee8a34d1d33a03c90c40207688b;25/12/2018;2018;12;25
eb485ebb5e5838de433657cbd3c814346fb2da0ae41c3dbf2ffd57cdb1c42b37;27/08/2018;2018;08;27
e9f95d3720ed8c6f4cab40101db76eefa3e521ddcd5c3bf5ffdb7cb8d7d21b34;29/07/2017;2017;07;29
bcaed8c24cebded2c11adb16b27118a68079ceca7cf98659b15d8fd427dddf0a;28/01/2017;2017;01;28
70999f264b70c933a3f19d01d80844722df2e2b77dabf45360d4bd8740f14f74;13/02/2018;2018;02;13
5b036a42cf7fc135d2c7fb136384569b5a45bcf96ae4617082480171168dc739;22/02/2017;2017;02;22
ac5b13d68384d3d2c2c9597467acae56ca5554d7176cd0b723c382781fcc15e2;26/03/2018;2018;03;26
96dc85e5364fae8e13b1eabbb733aed9be19c4269977ec1db5e8bdd83666d243;15/11/2017;2017;11;15
6f43549d68b31eec9a69091bd7a8966a3363422a1de309515701ad4f4ce38a0a;30/06/2018;2018;06;30
9dca3e22df2b8c85be552fb3588ccd91b5dbabca1642b1f6c02db06da42ce240;04/01/2018;2018;01;04
a1f68671727deed7bed3b70d9b609481ff7362aa905c2af720ecc1a8e36cb7b9;10/02/2017;2017;02;10
fb26af7075453e02be31adc61abf6b227da6464d8e3ca514270b0d11d23e02c3;28/10/2018;2018;10;28
8d7aad86924c7ef719d323abc453b6143c96b5336bf1a84501f42544f7c64fe0;24/07/2018;2018;07;24
e299a1e7d0d8b95d391689e3ad0486a3b51a597a843351f6071b63a9f2346468;11/08/2018;2018;08;11
86d1523f0bf8a822f44b0b78ad17cd8238a57a105e6573d7e99336bf46c7a318;13/12/2017;2017;12;13
9805e97a9fd5a285d919e52867bc5dc91e28cae53c30be0d998dbd5d225942dd;20/03/2019;2019;03;20
641fd6002b6345becdda8f2b0c569a1f5dcc7269111166664c4c41627fbf2aed;22/05/2018;2018;05;22
7ed5d7c91335465cdf65f18bc561b838f4b0a734b1dc660c323ed0e8fc9d6f43;09/02/2017;2017;02;09
bf70be4a1725b61cfa64821bfe9dab839b04a4817e3f8ce5ab3b6e67ab7670f1;13/08/2018;2018;08;13
9c4e87a9f2abc31a046aac2e4ec576441bbebea436421b4c147c78a79d30b4cc;26/11/2018;2018;11;26
b35f184730e7eb729bb53eb94d8d66fd9d4949d19a596da8acd2c4d5905eab9d;02/09/2018;2018;09;02
125e70c562d05f2fe10906400ed4f79a8bec138f2d3aca108f777ccf24eb2038;06/10/2018;2018;10;06
2ae02cbdf384411406409342c4496062025af2432b50b5bea35332a5c4bce920;20/08/2018;2018;08;20
c005623d1331d87203046d999c48eb7fecaa5f1521401ecd9d74dc11630e4563;25/07/2018;2018;07;25
7a378f5dc202914315f104f68a7c3f4482891d7055a30d1f2cce8ecbfc265c1e;10/12/2018;2018;12;10
3201332f493382b0f5c60b4a135f6c085d3cee1242374f43c78b4e95a24a78c7;11/08/2017;2017;08;11
1f4b65031d2b9812d5b492ed300dc1296ad76fc5ca6813f17e10f90e10af1b2a;17/12/2017;2017;12;17
b9273007c1baa772aed0f8bc410783a565807d2382370d93a15c31a38cdd6b93;19/09/2018;2018;09;19
2f01492c823edb9506f7dbb7f0eb144fb2550e2c2551fa50228c71a35716b0c7;18/11/2017;2017;11;18
7eff9f67e8d1b05adb6bbd56ce7e3340cb301495cd37fa12e3fdaab71ffe1c6d;15/09/2017;2017;09;15
552d3da900784c768a0958ad475037fc2ed2a692be6b3adc45e1a0f42a009587;11/02/2018;2018;02;11
9b7076022634d63e14a8c7d844d18329716a3edd0c792da356f1f4e672561320;13/06/2018;2018;06;13
4845664aaba9ca70e0056661339c1b4d1e84de8d090b61541b22d97610f2a4a6;26/02/2018;2018;02;26
64194202a1a5acae55251e45b5b45e66d292b6800bf3fd9acfcacbc481968752;22/04/2018;2018;04;22
df6e7164d9df28cd2e520e4c7ff5efd3360f0a82738d659e1ff7c30013ba62e1;29/08/2018;2018;08;29
adf71f7d78957ffe03df5c0c77e0fd2480ab1fb80e5c5aa51001e5384fc213f0;31/08/2017;2017;08;31
e2375e9affde39286d15da7475b4d7109eded8c1f34cef2b857987a75cb0aee4;16/09/2018;2018;09;16
4593c7148cdd1979003be5de6d331bdbb57ae6ae44c058a72f5714c4ebfddf1a;01/06/2017;2017;06;01
597aa9133710c3fa30d23ea8f4ca99304a14e363528e3fbb7de73abb9f505856;02/06/2018;2018;06;02
187a006630bffaee15819c32bad4bed7bbf388a7acc312dd0f82893794311fc6;22/08/2018;2018;08;22
1fcf53d6230cf46f509864451a4cb1b8d14191d8a10715906a8b76bebf7c97ec;29/04/2018;2018;04;29
da139ea6843e3cfa65625d15b3473ab83cef4645f17c5e902c27fdf075d9ef02;08/04/2017;2017;04;08
cc9d179ae8d1c4284a251290fe74c8ab294e26c5edeca57cb6000ba2955d9a50;11/06/2017;2017;06;11
6193e3c600548d5c9de6e483aac40a381195b2032f896f9efce5e294736ff7b4;08/09/2017;2017;09;08
7b0ffc91feb23f093c999519bc549ebcd27722e7e1c6fdafb1fcc1396d65838e;17/11/2017;2017;11;17
934758c96f2e2a7f8c83e1657a08b72f31692180af9a348b96020c05dfe217c9;21/03/2019;2019;03;21
9e9685e63b7ce917b3af7d237dbc091693de874db860ce262beb76795cc98713;23/04/2017;2017;04;23
8ed115cc85140fac8b2828321ca6f600051f7b0df597cb610d0e9744317d853f;30/05/2018;2018;05;30
253fe5fbfce4d4f745eab2921103325fe172374f162356e7878653c5ab5ca324;27/12/2017;2017;12;27
65c7d38da0378b35c655beb55ba610b281a8c64d008bc667ace19e6349bb2332;25/05/2017;2017;05;25
91b9ccab408fee503b2f7f85a45d94e1ed3dd5a946e2c8ae721db4c9c46855e4;23/12/2018;2018;12;23
c425c2c59c09169147ddca7693c3446a82e6f958ce889d57d150a18b6f581190;27/11/2018;2018;11;27
28c3b5df6022baad91b49615a0848c3079decec266e9241c214aaf48fdc1d215;30/08/2017;2017;08;30
502b8b617b477f1c4d9d7bff62fc1e9f0d6bdc68c396f7bd26a934dfb94ae832;17/01/2019;2019;01;17
1fe1c81191eb2f15075bc1484f0534ba2325807449e017d8bf6f37a39784fa0c;24/01/2019;2019;01;24
949a6b115fbfd9d162dfe79adc8099c7891dfe7c5d9ce29eab5271ebea58c5bb;11/11/2017;2017;11;11
765884f4eaf5200328c7b0483d3db72521f02bc4e78b34147bb5aed763e5af74;05/05/2017;2017;05;05
03080c82c1d9469e8c0d78d54524e66fb8c3f55609c1d81d02f0aae04222cd81;18/02/2019;2019;02;18
a8847b48dd82387b813bdbff3ef75c7026bfee05a618bcb3c0b44acdc729c745;03/05/2017;2017;05;03
319aa2ce669229bb114a7fa5adf96631059b45236d4672e25a292ed6e3950a05;20/10/2018;2018;10;20
2be05ec5a7a6685e7ab9ce45f2b147c60d96e60be421ba15795f5f516b8e63df;12/03/2018;2018;03;12
2674f07d0e942f9052a7c6191e7d0dcf0533cf49c0951cbce8c5bd3af6c78abc;10/06/2018;2018;06;10
d968849e0d4efec05a00747e2c264c7752813a368d12371550b3af0cd29a515d;07/12/2017;2017;12;07
3f920071878a35da7f6553a5614718d2f4d11fa9aa2a8b0831e48d852cb5af6b;24/09/2017;2017;09;24
dba07068141018562d16315dfe613e290c1836613635919c161fc8f912366254;29/06/2017;2017;06;29
0c64eca05498039098e75fc7783e57fb83cbf9ed5b62c74ac2592c5768c80e4e;10/05/2017;2017;05;10
54cadb1ac12d9d5b347f5b90bb92c60f22efbef136a0f46825e1699a08807a25;15/01/2018;2018;01;15
895ff38a4d2f1623cd6f112eb7a3de8059e51bb8183e15855057ea69480df187;26/09/2018;2018;09;26
399af5de10182e3410a3e247630d4530c64b6311dddfd915d0a25ac06a720350;04/02/2018;2018;02;04
360dc42cdb10744dd6869defe7a98706cc5db6070634435ed7a393f7831bd77c;13/08/2017;2017;08;13
a16a0bec075e1eee63cf183623a0024cbc7c2804575d56626a6dce93a636bd01;09/05/2018;2018;05;09
9df30047a5bc1002d6cd5e51e6b059d5dfb30f74bc8f94a8fe3c40721d474e9c;04/05/2017;2017;05;04
15406b325e01ec70fc59bfb1b07ff59f8493cb995f12b8120e7243e9681d50ea;23/09/2018;2018;09;23
2f0119d225e5f8ccb237f5259337adf83986e373f2b798e2dc1f6efd3549aac7;28/11/2018;2018;11;28
2dbede338717fba688f05a1ae8d885c491743022538a3bd79b1241589bf5a742;14/01/2019;2019;01;14
ef97d9507b6f0c9fc56ff892b81b86dcd070e35a2b49648beea720b04b375077;14/02/2018;2018;02;14
94fd847bf31e9fae76c4a714546c2ae8b7bd03ae773dab1f30e7aaf47711a67f;28/02/2018;2018;02;28
d4bc33f50d120607fe85cedf5d4a29b1a24fc93b762682d68f6bb46bed7f029f;30/12/2017;2017;12;30
1637ba47dfa7f771f603137b197c0b8568b86d9b82a6d187b6ea1671608c10b7;30/06/2017;2017;06;30
401a624d57fda48b89c3fe6d81e652befd0ee322db9e643ef2265f040c56a265;03/12/2018;2018;12;03
0ee64d76f4155f53fd2bf9f0a491a112706e3ead5d65f1b4acc90900f16dd39f;25/01/2018;2018;01;25
4bb2a2617c77b5ab56a5958bc7192646f608a5157ea2bc14bcec3211941fefba;25/03/2018;2018;03;25
6a25b4b07f63f3e0c99a9c5384b58f4bf5f995503ba07dab4911375c73309608;16/11/2017;2017;11;16
83e7e25e3658b8c51b5894c93eff9ebd5d8e07330f7e3646e0ded13eeab32c95;01/10/2017;2017;10;01
5092cabbc9b2542351002d9e5fd3aafb9124bbd73d7084f771a952916cff7b9b;07/11/2018;2018;11;07
7e992364678f88414575d6adc1a15d2b807018b9410cb79c47886da8ca75a6f8;27/05/2017;2017;05;27
4facb120070237143195b6387623cda64a5a9803f8bffb3cf3cf8f9f3d112f9d;28/08/2018;2018;08;28
316567a941f1bdcc37e21b61ba14bd18b187ec07a877ae16e79c1b26efc28b3c;15/02/2017;2017;02;15
08d373820ab0ae8f7f9b3854ee32d2c5f33a21feaa9aec2467d0ff86da32b072;19/08/2018;2018;08;19
a6fae5a76a9b42a8549fbf55023b71eb7bcc62fc317ed59f591c2a5382f2e078;26/03/2017;2017;03;26
6850cbd05e63f5a5722fc45a478a9297592be6d583b6e49a3f8c0604d58f3b51;21/02/2018;2018;02;21
6312721efb51dc49faf5b44202ce0cd593f857ff3a7341314148380859b3b69c;26/06/2018;2018;06;26
ccd1d5f45ca4e762c51e2f2bba97b1311fde984af13face826827788fdd85524;17/06/2018;2018;06;17
dbcdedc27e59f1eca86b627c1e2e580013946c5e936695e192eba7c040fb19b8;11/02/2019;2019;02;11
0be41179e7af281e647b68fb75738a0bbfcc97a2f839826521a551977c453f4d;28/01/2018;2018;01;28
53d847ebf9b394ac3ef96fed0338d71aa56dc0fbabf06d997c4322ac5c79abed;06/05/2018;2018;05;06
b59c07c654fb333e8486c044addb6b312a05606cdcf3581f396a624e7c2f3a88;04/11/2017;2017;11;04
298be29e3ee177ebed70aac6079a67a2a560327f935ac924cd5e641800cfbd58;02/05/2018;2018;05;02
ac523d86e7b71d490f2ba0a3b502c46b757c67dd5318d4614627ebcfdb7904b5;21/12/2017;2017;12;21
ce05cc59e7292eca111881c654c8f812ad253a1df9d4d193d835536d9c89309c;16/12/2017;2017;12;16
064a11e0aa8f7870f186edf0e0aed6466abca6ca475860569aaca277f5429a35;21/01/2019;2019;01;21
fded364407978491bcec6a6d175239d3333c02269834a3c0e8493db7a5f76e08;12/02/2018;2018;02;12
2258ed7a21990ec4272cd6337108d59c562e6302b0c2714e74a9cfccd8901390;06/01/2019;2019;01;06
5f398d0d6261933b80b7a7476f4f060e01be2af6bb1cc5697a4ecbbac663ec2f;08/10/2017;2017;10;08
98e73768525397849c9291b0a83dfd3ad65c21a90ff33f615885852908372752;20/01/2019;2019;01;20
409be5f75d05c9e32238bcd231d8fb929fcafac7cd8a4b9f0e01096bd2c79764;18/03/2017;2017;03;18
384cccdeba003dee39ea4f71eab60bc13729c4edaeb94aee5d56a56a80e0ad9c;12/09/2018;2018;09;12
5ba5d06b03e0100f0e33601eaf656d5846ce863c8055c93450ab9834a72135ba;11/10/2017;2017;10;11
e147c56aa13d65ba6619af6fe12b05c79d317efa9d1305da73cb160cec3f0c10;14/11/2018;2018;11;14
4ba8f27916cb8c10641461912852683218a83a0682a86c1689355cae2d4ef0b6;15/06/2017;2017;06;15
1868bac233516e0f8e05c18b222428fac0ca3a9e169a86f1c1ae7a888558ac53;11/02/2017;2017;02;11
35dbff7374ff7c75d68b57053dffa9cfb955231596cd7791b4b5bbed8a9b9d39;12/11/2018;2018;11;12
d2d6990306963cb074933dced43b2e0565e34b469752dac9c1b8713c1d72fe4e;08/09/2018;2018;09;08
274efa67e274a6a7abe012e179112b2a3f26dddf43613c32eb454ffc9f37e090;14/09/2017;2017;09;14
dab8ae8b08186a9b6c9486e44ca3449599033e90aaddefc571a65cf911bb0813;07/02/2019;2019;02;07
dc663941b2f34d83910655cb910904280f46373cae15cb712e3b4ceba0d0c5e0;06/09/2017;2017;09;06
3a5011a822e50c837371155484afbe20e6baad64cdcead52d5969f4183575c5b;01/02/2018;2018;02;01
2099245217079771abe9d8705c8b0ac6c7a7c2b358cc32622ffb799ef6cfea2b;11/07/2018;2018;07;11
03f11091230edbd759b74c5307fd5fcd4454f23ee8d2b512641020699641c18f;08/01/2018;2018;01;08
0149f61259e9e1c197e4ca77ebfeab36c33b53581896f5a0014906730d8686e4;09/04/2018;2018;04;09
c45cc36a6f4b1219c00c433a63b46f09b291362ac212446f220ace45409b3406;21/10/2018;2018;10;21
70a7512c941d5cea55767e438e136a0e3977db617b7678dbb7a581d48150f4eb;13/03/2019;2019;03;13
596098955dce1de24aa5e220e8697a2c98ec225c6bc58e2ce2f25bd8d34206ff;29/12/2018;2018;12;29
f7f8a8e9ec1e9c28d42cfd9e2d50e0af4634569fcee84a6845cdbef2cad0883e;22/12/2017;2017;12;22
3c80323dc4aa6a94e0299c714c17ea580666bb4c6e9ee34f3b38f43da48a9ef9;06/03/2019;2019;03;06
119e2a4a070318562ae951bfc2014acd413566f6795877e91f078414a7e383b2;10/03/2017;2017;03;10
f3842aca9e599465a38ad90b7bdce2a8aceeafd87f38e78d7a3dc3bfc2922cd4;30/04/2017;2017;04;30
17cebde955f1db00b2383f836d74c6cb91b80af342c864c0f38fdea1f466c7d3;16/06/2017;2017;06;16
c3c2beeafa2030507a995bdfc49e8b3582135079af4ff36a18d5872baa5c58b9;20/09/2017;2017;09;20
48ddb570891c78e26687504129072f6f60ad0f94647e2a18a4288481131196ef;18/01/2017;2017;01;18
eb9fb53d0f96cfde5563111cda96042e4723f668c45a4cc2f085d0459cff888d;23/07/2017;2017;07;23
c99ccf94d8f259e8311a4f883af7f8c1e2894f7ab91583630cb12c4be20f9703;02/03/2017;2017;03;02
25e32c07742341923d26a4dc9e9390fe373676a70019e542b2d32a609fb415d3;29/12/2017;2017;12;29
53f4e55a568b337e51d6002b5b4304709091a0f26ea9401ec81a6d2ec216b85e;03/06/2017;2017;06;03
00d972607b99b7a2e40f993e2def366dd5d465bd39fc2fa43835c15d3aae4ca6;17/08/2017;2017;08;17
6fb5ba14c496398fba5a61adc2ec31c9d523a0429272979b1e8cbbbb7c662c40;28/06/2017;2017;06;28
06b2ca235739e39029ac0233ca6fafa9c30aa4d53d83a1d9f99d22734309a052;23/09/2017;2017;09;23
5a328d5b4bf36fca8b58e6f3974bf61ba0b60b963a9f6f3ebe199338e7e011f9;23/10/2018;2018;10;23
f839fe73ff5b4c86902bf5189fb00700b11d3c1a4b4e22c30a9d0f1a48db9020;22/01/2019;2019;01;22
4d1489bd743e6bfd63080a12b674916c6e17a8eb2381f0de96fbc0730fea9906;15/12/2017;2017;12;15
f5869ee34eac490539eff6ab27e5b85077afa92d2351f83118e9240ba61ae866;06/01/2018;2018;01;06
5a8d8db6a4e3f8ab7b36e2ccb28b10a9ca5a5b6db215522accb562779c7f3fcb;29/03/2017;2017;03;29
91bddc2853ebeb177df70d7c4a883ca290851275c79d13c92d5ff040f19472ca;17/03/2018;2018;03;17
ad9a85dd130c3ebdbccec503db0c3a53ae6479c31624e2508bb8e29eef63427f;10/11/2018;2018;11;10
9a526574540960872f08cf6132b355ffe81b60f419829a6ef33fd1f339e4147d;25/08/2017;2017;08;25
33f4b4ae45dcde96e36dbfc8e0334112c424db4984d3ab96f5f5db219eb8c63e;01/07/2018;2018;07;01
7ab59e8e1062b99c18e00da7f774471b020bc9c91e3d20e16b7237c1765a1677;10/07/2018;2018;07;10
d09e49aa2bf6582711fdd39cc9642aeb6275c665f009342085f0e532054fcdd0;19/02/2018;2018;02;19
e0e3d4fd93b48b3bd76b5533b550e636b4ddc770e23c892945e52e8c31626ae7;22/12/2018;2018;12;22
b0184056fd1fe72333642fafa1317b670479eafe6dccdcb1fdb52c5e72526ef8;29/04/2017;2017;04;29
b11af17eb5787ebb1423de178e8a8730ef6ce5b46d402479f5fe3823ee13d691;23/01/2019;2019;01;23
80e8754f207dd29601e1fb5cf79776279752e7f90f0b8027c8ce6ce3a704fbae;04/06/2017;2017;06;04
87e1ba6566d31b262d0a1bfe0ef069725bb1052753bd5936b945e9a2dca523ff;07/10/2018;2018;10;07
1df26c6dbbff4328a9fa45af9e79fc50178595dfd4050855d491cae119c2de18;05/11/2017;2017;11;05
f27c6c62ebc2f7c30189f263e65fc4e25a1ff496a004b4648df41382d892e313;04/03/2018;2018;03;04
7a167f5d52129d9ca6c7102f7d21d78f9fcd92ff72428b840513495bf29b82d1;23/03/2017;2017;03;23
dc6172c3ce3d6b18a8de3df5a9475cb375a37ffd982d6593205d98794e79bd1a;26/01/2017;2017;01;26
fce651fbec02c1badaf7b9d4160b075bb35119cbe919d5bd9a29982598ec6d59;13/10/2017;2017;10;13
13cb8fdee929e17bf0bc2e0ea29924c48ff9b09d823ca3c372bc82951d679b16;18/11/2018;2018;11;18
0a83697fc75a6c645e0976a2841247fa44e29e02051f735223f9afe97114287c;26/08/2018;2018;08;26
ebe6de590da5bf17a2bc4b8133c45c1e828a96dd36bcb2adc6035d5fa2cbbad8;19/06/2018;2018;06;19
bb22bf6a531fad13fdeb421e38d742d67f365680242e78019423abf6b5adb981;03/08/2017;2017;08;03
8d8b61b0602881935989d169a27d24a9d4f0c1d1bf1ce1d082ebe62b85ce6077;03/07/2017;2017;07;03
19a3452d59541c64db9e41278622a02791f967b9ed479fcb7eaa169c18fd5fbd;24/01/2018;2018;01;24
1b1fcd8c302a3714ee73ccfcfc9261b854870069b709cb17b962f43d326d89c8;14/12/2017;2017;12;14
33dffd1fc6a266dd6cd8c01412cc50ed3598513e88aabf13eecbe0e0d4b4c1a8;11/04/2018;2018;04;11
5a0a802ca1d7970b7139267244ffe514fea9385dede55e0a44c613df00740189;24/11/2017;2017;11;24
f3b00470b3a8497558b41c7870257d872d7fbe858ba27b369b098cf6f58b8e8d;12/08/2017;2017;08;12
6d930c4f8c2341d456b887544038ba4e2f3e84bf8dfe277fa402cfdda85df76d;15/10/2018;2018;10;15
5c48dfb9038ba45bd017acacdd6231e5c16a74922659e0d62f84877300218d46;22/01/2017;2017;01;22
f74e034bc0eeeed5eb8c35fb9e5a759d860266bde888da8ffdf22ba8fbc24cf9;11/01/2018;2018;01;11
b6ca089070d43d925cd3d47feba7e71852c6bb73a954b981bc5e34594d776b0d;04/10/2017;2017;10;04
52d2e667f341b26e8821fd8685e29be678d11a1468997cacee4ad518a2dd7a26;22/02/2018;2018;02;22
07aec1d906a65a7f7e63a7aa7b89b2e4d5b1995575ff68b8e2709f27026ed0fb;21/04/2018;2018;04;21
c05453204d5d0f516750fd6ac5e69011651c1c4071785d3eb5b71b1c07e2a152;23/06/2018;2018;06;23
f22ce1bc556f8c2bbc6b682c0f51270a0887f68dd897b7203bc73f677f0f3d6d;10/09/2017;2017;09;10
c95ca0cdd0317b0a49b0e7dddc9564ec6314f21c58999c187efe3f3456bb9244;11/03/2018;2018;03;11
d6791a5cc575a815795626df99515fa04bd2959bee92df751723f1a495c1c0dd;17/05/2017;2017;05;17
15a5c20dabb6d9082a9851d576c73c69bb4759df9f2280f9f4e31c7a86bec9cb;07/07/2018;2018;07;07
cd7d4c2a9a1cbae705ec824289066bcff4bc5dd3aa596954e3e2d942a30dc5ee;30/12/2018;2018;12;30
4e48a796ad74ff159865074b9e56f904ad640511a6df3fb95b359c70a03d68ea;08/12/2017;2017;12;08
d50bb0e9177c8a39363158961a32ff51c51fbd39df5dd4bd2ba13bc3d9e678eb;16/04/2018;2018;04;16
25247b1ec06450120f01ee60b688af6978e7ac9e61dc019a56b1233f0fa21407;21/08/2018;2018;08;21
839e8e5291f460d2d785c2dd0c6d833e851a13145a25c52852794f59e596c99c;13/11/2018;2018;11;13
6728597ed1a3b64f51e218f39a9c5c737d5cf1f3838c4470ab1a5ee1faad0b61;12/05/2018;2018;05;12
311847e2d5e2ed99ccf40d00968da377641c9901f510d901531cc0c252b7ff0b;17/06/2017;2017;06;17
3b967a0a267bfd78c4a9afc777e74fa1af9ff9bdb73dd6f5c9098e2a4119d3e9;26/04/2017;2017;04;26
5d9736ec5bbc4a1543e0a76e595bfb981d64d943a66a305a3f3652926cdf7848;14/06/2017;2017;06;14
6eadb0e2bae7d30e701381a29f2ddd2816d0d13cfa1cf47b6d66f27e50f2feba;21/07/2017;2017;07;21
191aed075477aed12b08fb6c05d1dd86e117c361f6066f89b22a89daa0c569af;09/10/2018;2018;10;09
8a4dc72230389f6ae57cc9a8bc6a0d2317e672ed11774c4ce6e2a22339b55f84;24/06/2017;2017;06;24
89b96d993525de8b21298f2d1e434ee7214272f99a4b2eabc187877ca0240a3d;22/07/2017;2017;07;22
0b67393c0bc0dfe4a69f9edcb7ab4ee0ae2641febfca6185ee68a0d2a6996a3e;05/02/2018;2018;02;05
cdb5b97ad33c630b6facb5587435ae889b00f203b4be38efaf4aac64d04487c2;27/09/2017;2017;09;27
a69ee8e364be1fa10a844c1a4f4eb0cb2b8699ef97f2ff9232786d5398b026f3;08/01/2019;2019;01;08
f3a940964096e6c7d9b978da03f6caa526442c34e31f30fea7b3dc76eef72535;09/06/2018;2018;06;09
5c0e67be2ffbf5fc9c866f8ef0287555d99ef2997d0e9f6b5f7e442aebe53660;12/02/2017;2017;02;12
f2db213315c8af2ea5d57f5dc523528577ba96443cb34509ef55978be2597779;28/05/2018;2018;05;28
19c5cb77d2b2315b287b62e574b0042112c8f7cd8ed5bc4385991f611ad54e50;19/05/2018;2018;05;19
7dc763d845c958512ab72f65aab34b928ddc5625e3cad61fad90f1e6c4023852;30/01/2018;2018;01;30
a929ca45707380365e0c66be6598a07a53dd9a729c37dabfe2cc02512db61373;07/05/2018;2018;05;07
76d0f83f11c66f39cf1a7c29487d393ae82dfb534c14e8d8b0afc90968fedc84;19/07/2017;2017;07;19
04f6d79d18bb1cf4257642d2c6359dacd8b452614cdc16391c5e6b01ef2e6285;29/09/2018;2018;09;29
5b1db7c03a1140823313c3494f98124b3688f6a7d2c75963039fb12fc204d7f5;11/03/2019;2019;03;11
b0bd336461ef80950dfd90ed15531b3443b41dd80772f811582f11823290c2ea;08/07/2017;2017;07;08
7c10898bef1eac833137da84be959f1fdd9bfeaf5f542750d120d238a7a06a62;14/10/2018;2018;10;14
2075703d76f0117996fb2928e956dc7de8d4c41df5e7ba20e5533511b5a3fcd6;15/04/2018;2018;04;15
5f1b82082bd94523a4b018907e6295d45e74f1cb70c0598e97965765e4073e57;30/07/2018;2018;07;30
8a5ba905e9b5af2ba64d59b52759ce6220a46f8d013a432f4fa4c3b21029c0c3;03/01/2019;2019;01;03
e63d6fdf7c9adfbfa88574e591640ca35258750a7acf1f2b7633821a30eebaf3;03/03/2017;2017;03;03
8e3daa566d557df571519cacdea067f63fc896cc66701900063bcc1fd2c97ef1;03/06/2018;2018;06;03
08166a93d4f4c8ec8319aa89193e179bed375ce6812bf8907945e26a863ae05e;22/09/2018;2018;09;22
58e26756c96a51d72063ac0d48ea421ed2b4b7a978b864c366b2821dd204f0f9;01/04/2017;2017;04;01
1f882423e5a6b1cbc0def7d8753779746851931d1fcc7ff77babbe64512be464;31/07/2018;2018;07;31
d7dcbe2d4100a34a37695738cf930c1b79488894dac7962193e60c7c83e0fee1;21/02/2019;2019;02;21
27e9f0253c347a40182bab1662e379674c181668c8bc1978828fda8e3465ccf5;26/07/2017;2017;07;26
713d9792b0f14d51957ca02c58a3ac4dc7b37980a2ecc7045d8e22d8b26c1414;27/06/2018;2018;06;27
f81c6a1b0cf2096b3b2a73de95bea96876c7c7599dc1a072c13a60b73a6040fc;21/01/2018;2018;01;21
1ce0f179b98c12ab70d018e50a66ccc56e2e03888f4a3b321a3b2cd7ac6f31b8;08/10/2018;2018;10;08
ab6692a7beffa21715df64098b2239d77fd68030b0f96c29f2c8de33438b1aea;13/04/2017;2017;04;13
3414cb788afa07231d5512105126434388d533ecb517ffaa900a45f889ef6770;25/04/2018;2018;04;25
730710495a16dd84e77ee11f2054545280d4d66bcf65415d564eb18aa8264bb6;05/08/2018;2018;08;05
2227b981a40a8badae47bed308a5a7303aa423becfb1342d57e30029a9dfe5ac;25/11/2018;2018;11;25
0c6649fc8664b76e34fa732fef59137628f91ccc16b6cf2780272c31093fc0c9;25/06/2018;2018;06;25
e46baaeedf465174cc651859a44d1d7baea14ba9691eb5d904a31bff16300872;28/04/2018;2018;04;28
919a401c6d95ebe66a94d15134d63ca9cd4b2b29ba257ec6eed123623e64d4aa;24/06/2018;2018;06;24
6e1691d3101e7a7a04e00d619990fcfb5a82effd48b4063f04042a9725799515;27/08/2017;2017;08;27
5860752b7ad3815ef34c8fa953c8b3a545f9343ed5e80b60364cc0f1613d6a7f;19/10/2017;2017;10;19
96fc3f93ffdc4ef418b0f7276455a29b2394cfefb2d053911b411e48a5d6f463;22/11/2017;2017;11;22
bd8d1f1349e4b16d439926d7150cf2111f5f29e35ee4fe760430ea79b8120d87;06/12/2017;2017;12;06
8415a083fbf193ee7b818203f26264a169da7d28d37057be95da723610e7ff2d;04/11/2018;2018;11;04
ade7913bd7620704e01915805e304f867126bdd5c4d7748901db25d69f6ac746;25/02/2018;2018;02;25
5ec0fed92e92d9366ff50ffcc5be817c14055b5222db23ff3ed6594d669601dc;02/01/2019;2019;01;02
41606330d4095fe9ba58dd14f2b168b4f23380dcf59ed8fa99b82ae64451af19;31/03/2017;2017;03;31
134d3adda4d8c8693d18222260e3ac8ea7241ade7a18d6c22b7c1d67892b1d15;19/01/2017;2017;01;19
4fd5011e3c27bfeb86b003e5accf1700a41b3f8795a329b87cc8fb70d7955767;24/03/2017;2017;03;24
0cda1d0d4f15292442eebde4396bff70277e25d2c36c3795c262e2a0d9ef6eb7;28/07/2018;2018;07;28
e65a29d8d3dc1b1df5d3a5ea7fb5a180e0289b530917778d7466dcf8faf702f4;07/08/2018;2018;08;07
13c7faacd13af234d064105a6753cd7388d04952b71f94adb04f023160bf84ad;17/02/2019;2019;02;17
5c97eb1b81ec01dd0ffcc386d41420c2018cc9bc499d60df8ea6f4faac721084;05/04/2017;2017;04;05
43f8d8f90112da007c252982afe8368fc367f4feb4cd8260df44a3d8af98446c;24/08/2017;2017;08;24
91dce609a02fb48905ec01c28685985b4f5cd5d8cadd3eefd52b05077903ef01;04/02/2019;2019;02;04
01fd806f6d3fc3a8a34ac030a87ed7e4358bdd92e90b511d507dcc2eca302fd2;17/04/2018;2018;04;17
7ca092233cb441196b76f61871ce76581b5eba6cfc03215c3f64b16ae6e4356a;24/10/2018;2018;10;24
aa350e347b5897df86c4521df443e196fe17a5a1e341b15f0fd6b22b25e8d7a6;05/12/2018;2018;12;05
514e244031219c6e2db51fb3f91248c1e453e410af5b1e99588d50473a98fdd5;09/08/2017;2017;08;09
6a7eec82f9c299635509a4e5819a91db8cce6eb17c5afdf827789a689cccd0ed;12/06/2018;2018;06;12
ca7657c8e65e8453122aa806dbf3dce1630f0bb0077cd3895ff259fc6378e7e5;07/07/2017;2017;07;07
e10fa4cd6613982b8e23cabfb6ba46b913cd165fed1905052d986acb23557028;30/10/2018;2018;10;30
485052b3f8d84c0c82b6f48bbff946bb211e702ad13d38ec0d0397fe6fc27a54;05/09/2018;2018;09;05
1cbf8f3c3b321e8721a1cfa77d5ef7d773cb3f5a438f450db7daab59bf2b690d;25/01/2017;2017;01;25
309689815fea7d1572b209f5b79f8301781b89ca54a5db987c17cf057e2a1336;13/07/2017;2017;07;13
5aa2f808a7e8249682c3881a85d8181b9bfa2bf6daed3f6de56c07061ed2bf15;19/03/2019;2019;03;19
4822d6c24d207689d41a028ae2aa71ca5a90bd3316326478bb3cbc0d72a94ebd;17/07/2018;2018;07;17
35adcb0c85eca7fe28bf6822ec62aa15beeb9fe58acbf50f2c08de411e258e61;20/10/2017;2017;10;20
61e49df8e381785475dafe00328dddd0be51e1491b9d7f6fe6e71bda953b0178;14/04/2017;2017;04;14
5d6b86b82d614dab502e387746b438b23c130d479cd6ed9a05c383f0bb290262;08/04/2018;2018;04;08
ad58a192a2cdccffc2606e200ae83a95f16461f08aac50281e0d8e02c8fd5d7e;07/05/2017;2017;05;07
ce5044bba8b59c99465a5de8375a113657b8e32cac0883e1cc787175a8f1ab39;15/01/2019;2019;01;15
d7ad7440894612864c7eba5e736fe907239691012e246e8ef28b1a0c2dfab770;17/03/2017;2017;03;17
bf71e266c52e3feb38756a63858136a031e1faa8147ffd6ef3b427419a93087d;28/12/2017;2017;12;28
9b6e73a7418be90b8abd858a834f6c8b441e4f31e21265a509a594dd0b33b384;19/05/2017;2017;05;19
21a59a0d5dfcde633a6a42fbc68e3698382740eb79219ac471cceee93529451f;28/09/2017;2017;09;28
c2e1d4ab1c114a6c355696e3dfeda0d4a34bf369d38ed55fbad5a2c4e126fd44;30/03/2017;2017;03;30
0154a5f7d07851b520dac450f1f4e76af386930d9ea9a069d2acc7593a1d851c;09/07/2018;2018;07;09
d9aa849c66cac16159d56dd04c650962999c7f1b1ccf8021ef5ad977b6895047;18/06/2018;2018;06;18
389d135657e122ce884b0c651a548197fe486461a1db36839e3a4ca5665839f4;06/05/2017;2017;05;06
9e897ffc3630a929461c3321e04b74c379e549d85808621ca8493887f1e594b8;05/02/2017;2017;02;05
b1c868d5f935a744abbc2b559131c1a7be9786fc1605b3700164b29e4ef3e41d;17/01/2018;2018;01;17
9e6166bf3cc35b4558c74a68437de748f5e3e71c1f8a75f00cb8611323cce8f7;21/09/2017;2017;09;21
033f2db499d0e88b8a2b1f3068727384356c9f70f387ba507baf6e1df59d61c4;22/01/2018;2018;01;22
c5fd5182bc79bee71a7b4a39f7c500bae94f7ea78bd0b38f59a3664ee0ccdfd8;10/11/2017;2017;11;10
00515d8775f4c591b77b29f5769e92fb1d84bb62a8bd7b4b974cb6b65296aca0;15/10/2017;2017;10;15
342c7ad695f562bb401758fc5f1b7f100c9c8dc3f78ab53214b7804a4a792674;01/12/2018;2018;12;01
d4a7b62da9f2caf80bbde8e95e0fe16e78c988413750b143c0559ba7fba72713;27/02/2018;2018;02;27
2b86a5ec534c9a52975177c0e6afe6b42092cfc2c56570f865e27b25dc61fa9e;06/08/2017;2017;08;06
d6ddd8512c6e9f827eb7a49d0bb12708b19c2dad930858bfa9cea1b52f27e20e;14/01/2018;2018;01;14
62d2722109d8cf47a70852aa6289f2246af42999500fb0b2ad58cb1ce0681c0d;14/03/2018;2018;03;14
06a8fb1036d51a8e46e6c0b62c969f12967d2508e8d56e84881ff1c2a82ab23e;22/10/2018;2018;10;22
c746f0bff0c21ae3709333224741c690e7bbffaf5a3fe9c11fc5e1078eae0f66;15/08/2018;2018;08;15
f6231a555f0181bc5d9face0e983320b48b108d4807c8000fcf2109fdd01428b;21/05/2017;2017;05;21
ca8865fffb4c1a8bb67d71680bd3a07f99cdf334b86a356f66802126279b63e7;07/02/2018;2018;02;07
c5c303b56af7b24fbbad6ec1d5f49ca58d6d098e7cb773007b7ad28107852c71;23/02/2017;2017;02;23
45952b003e6d1280452bc8c9668334579ce64bc2f4738deddab00e284d615b6b;08/03/2017;2017;03;08
60c2473d452e20b04d87a8a6105db48268c242ecc7de2e8e9de51d4e4fd9471e;10/03/2019;2019;03;10
92b718b46545822876ef13125d541a978033f355aa54f8f01f3334fc118d39be;24/09/2018;2018;09;24
ace7059997b4b2cf86e2714ea04b4e98897fcaf7aa6ff667f172515e76ea8dc0;31/10/2018;2018;10;31
35f65033593731675c5d76a976eb7393f5617486a36087307cb146482afd7a18;27/01/2019;2019;01;27
ca9dbf0f2767af98fb6c92d76d383418540e0ce3d647ed721a0384889cdb3543;07/09/2017;2017;09;07
48eb62eba89177bdc9c5754771a547ef22155eccd0d1e4e1b6547790ef4ed66e;16/07/2018;2018;07;16
ec7bbd759cd07efeae9cf50102e4a7072ccf71cfa5f0b05b580fcd6eed74a22d;17/11/2018;2018;11;17
0692dcd3e251db64c80e6073b34d63aec08d6720b71bec4f797020ac9db4ce9a;13/03/2018;2018;03;13
1e22f86e02e6ce16dc95e9d757ad10249ef7b06d4668b69d3b50ab79ac9a6448;11/05/2017;2017;05;11
64d734944eff35607a25a29303116382279ea724eae3519d69160ca9ab74dd5d;26/11/2017;2017;11;26
496b5a572c7eae1b0d5cc250c33ff94e49bc6bb33f2df48a4a585f9aa2b03344;13/02/2019;2019;02;13
ca5af760a9a98c3e53e2287ce311e064ed888bafa02a642847405768a52a4901;24/05/2017;2017;05;24
f8f7643ef5328253de04128d553140106fb4e25071832a20d9d5d2b0d0bfa088;20/02/2019;2019;02;20
76c38f12754d29fc22d68cc1ebee6c98cf8fc825da51339d4ba53e381305cd6d;03/02/2019;2019;02;03
7d5864f13912c36e4bf4db2948b3805875e5ff97b126a5b914e787009fefd88f;29/01/2017;2017;01;29
1ecd8795fb14df77249fb303ef9d00464127141949b6319c635ffd93ab15b133;11/06/2018;2018;06;11
e6ccfab3916be7f4802f4eb6b142f9a36003b632518f9e8088c21539e08b491b;16/06/2018;2018;06;16
19c71326e82be88c816e6aad16326639c35c719d78fc7941e0f5934e191a490d;21/06/2017;2017;06;21
8aeaddfa28ffac4724d8b95dec0e0a2679de458be54cfd4410e74bf36d924752;31/12/2018;2018;12;31
a38489e7a5bcde6fb386fe6d71f586253cb565b5834ab57e1c28cc4a43f8f86e;05/03/2018;2018;03;05
2a7b6e838303adaa3af32b40e1b7b935c6416e5d358cc605ca097e425c31f475;29/10/2018;2018;10;29
0c501d574357976d4e2386272965c2a37b1264ea6ca3f998454527760618d64c;27/03/2018;2018;03;27
2c7ec2e58668732a6f7d2b1f7dde8cad95cc076b334c5f44cdf6dc0f84063d5a;02/06/2017;2017;06;02
50821944444dea5d095b37ad78bddb5305cf2d5f80b300d27e8b328c27f41ee5;23/06/2017;2017;06;23
02fde193650495695b0b98e2237deb12744d9ebff54a65e9025a656df06a87f3;14/08/2018;2018;08;14
3bb675bf245259eb4590617889f6ed152802d2c3f3949cb8ad1cae77a130e0cb;18/05/2017;2017;05;18
edfe946da492cbd94de1a4dd62e9b3b40a0a1382d47d489d19e24b7ed2ae77ac;27/05/2018;2018;05;27
67236c662e8a65189374a5b538ed8763c616ed551c65389ee20eea204feedb73;29/11/2017;2017;11;29
61aa546b47b2c76134910974b9f56323604866093cf24fc7c39aba8ece18e7ff;30/01/2019;2019;01;30
aba436d96e942c9fde69e49f4035fa3f556329cfc8f1170fc8416e8fab09b04a;10/04/2018;2018;04;10
f604f5101b24bb134227aacf26b4fa1b19d9bd41320e2610ccc662e154f3c040;25/08/2018;2018;08;25
20be4f0816206b32a936248e462a52ebdfda0cd17198b6f6be566677a87fe0b0;18/03/2018;2018;03;18
6ae9703302faa151b794d1a3d3640667839a3d348e9411c17c74250a4d135410;05/03/2017;2017;03;05
12ddbeac61fc36a51546ee6bf9849637c0a16618530b7b5149404fc95377de15;03/11/2018;2018;11;03
23eeed5dd35a4aac328ea002e8abae2875b173b33b77cf236857688798e8d7e6;30/11/2017;2017;11;30
b61484a262fa0fea9ce9de93a10eed5f620276c652ebcbd4d0def6aee9217ce5;01/04/2018;2018;04;01
7ca0da11b315adf36629d7b5cef274ae1c3728a97b8bfad775235bcbecb48f6b;23/05/2018;2018;05;23
57cdc55fec8ed8193d7085538e4e01a9472fc05c4327939a3efdbc2721f80296;17/12/2018;2018;12;17
3682f6605c4fa4e9732a6d92bda4472e53f093edcf15524de30683e5655c56c5;09/06/2017;2017;06;09
7fbc24100707032b23840e36772d6a7b711936968dc263a181d15f5d87d20cfc;14/04/2018;2018;04;14
48a7298c236b8995ba2fc9461f976d662b70fcc1bb24969ebb18438ec9682283;21/11/2018;2018;11;21
b6cc2a4c54eba73e2aa9a72836538db9f5d5c4e8162ed430b2ce78decb015a77;01/10/2018;2018;10;01
3115f97e83f5379ab146acb6db9a5c00f1b9ae963d0424660b4e2b7b4c06c091;18/03/2019;2019;03;18
e21e2ad787ba2aac5afe12d6e0d4cf623213db850a00cd1eb1358dbfc89834c2;09/03/2017;2017;03;09
b5e4d38a03259b7c42abd0d5d48004f7a9fce1dcd04e09ec94d488f3dc797cd5;28/07/2017;2017;07;28
e720b07f52081c8282b122fb547439d938a0bec9219a774e76a929a87ffbf81f;23/11/2017;2017;11;23
2cc093fc88ed144b85c16d1c9f7b7c625e170f7b578ffd84844b344b6147ab45;14/03/2019;2019;03;14
82345e82ff42150cfdc0001dba6aca7f0d65177d05f9276f568499d148f0f4e0;21/07/2018;2018;07;21
ec7692aacb20cb6e1eba88d3ec59396c671e2c0cbfa0d24b846fe2698a2dfd82;20/01/2017;2017;01;20
3788bcccd56e98a5e49163f2bd6908f4f990ef34d07e4d66a5479658fbc4aa12;20/03/2018;2018;03;20
8c5fc9c2d2116deaef5f112243949669a1d4243e52bc85298798662b3b39fb40;12/10/2017;2017;10;12
6c6b1985c8fa8f226441e380f2c0a5aa2b05acc2e0835af1f2420f11512a5cb9;21/10/2017;2017;10;21
bf80f158e4971a12c5823c179eb2fb5670dd017619b86e86150e3afa6dd8df74;12/03/2019;2019;03;12
16ba9245f73b57aa3162510180b30e24795bd0d1d5919345ce61d33ca319a36e;07/06/2018;2018;06;07
4de9ef4cdbbdaf0c9d48cf4947fda6a340ce34da75c8e369752e461027f14c7e;16/02/2017;2017;02;16
76d7760098ab56f26184b8d11ce3683de25c31e4fe0e4b345eb1a76bf828a5bf;01/05/2018;2018;05;01
8f36f51011f156c0aa978074611dcaec0140a59f92b4528fed243d850018dd7d;21/04/2017;2017;04;21
d36b9a9487feaad5c9a1f6b981f964a2513ac203af77e583e649b5f4e6e16551;28/03/2018;2018;03;28
eb31061b808c2a5048856a6e68eeaa87da081b32e7db1696487b1214afd66fdd;10/09/2018;2018;09;10
71688cf47f82dc0eabc5e24a208977ec8684d0e8986785e28966bad4cae4990e;26/08/2017;2017;08;26
ce8a74c909ddfc2c7b0b3029ea9861fcf2ea3543482a20f644a6983ef9c3ee78;09/09/2018;2018;09;09
ee803f4757a9a322ba1d1afd5a5144ad22150129f9d0f04b875ef19d4148a706;24/12/2017;2017;12;24
f946ba2b000dc3ef3c38b9b239b9f55dcfcfe6be1d3e1d5d2e4d615c5c0360c1;09/04/2017;2017;04;09
ea5767c426923241af58a40d6c95c777443af3f443abd255c9c99ee08f2a77e2;03/12/2017;2017;12;03
88939cb7880f23b047483c08a29cc9921c0753cd6dec00c764e0ce8dc745082a;04/03/2019;2019;03;04
5ee04f4a90afaafd6a801b27ae1e3dc5f4e3a6f29e9ec5e6e3caf113686a1f40;04/03/2017;2017;03;04
669b7fae5aa1621529cc117442f4632536a6fab6a88a9b16d4e03cc97c6bd970;23/08/2017;2017;08;23
a70e5323001feb05b50f3b872e3bf08414a5b54b62848c5ce125a4157279998e;05/11/2018;2018;11;05
74131101faefbc9fb035c57129013692e53e7716803a1ad0ff63b1979ef250f6;25/03/2017;2017;03;25
6d059c5e517244b70e81c24c51a0df3be50b1bd2fe725e344911405f39ca4434;09/11/2017;2017;11;09
d3912035601ee859728b09ff4c44bdb2419a8411c22b3961ba26e54523cfff97;07/01/2018;2018;01;07
38608bbf1f3154353d67e2227b5039e1b969d4537f7d6d23fcf9c1261b00ec63;29/09/2017;2017;09;29
3edc494be09e77e7638802f16870315b8ecfeeddfbd2f21149c3e01afbf80504;07/01/2019;2019;01;07
cd00ab9ea21efa5770363fddaee47e16756b151982c0c7a324a64f39ff7d4f79;06/10/2017;2017;10;06
70d9a25a3ffc196d28b06fb9ea6daec883e9ea9212331032c520e6c1767fd3ea;07/03/2019;2019;03;07
b2bb3ac3747f41c3e1ce88172e2d5d15f32f0e2c80869d905cf334e043d4baa9;18/08/2018;2018;08;18
50dfa611c0064850bc08474604ff57c3b45ce36ef6f479bfec4f490f31a541db;04/08/2018;2018;08;04
00b29542469ed78e60388f72e9b3546f97fe491e3c08ac005d169bbd17f01304;25/02/2017;2017;02;25
6688a0a4dbedd7267f1326da03b84d39eacb3123db33d041d4f04c4bdf022539;04/12/2018;2018;12;04
87e96dd59a2578fef96f5bf2a39423552ddd49a2d98a291fef359db141434b2c;27/02/2019;2019;02;27
281cdff3897fab75e39d37692ef351085071bffffd38808cea7074463b9845a1;02/02/2017;2017;02;02
f2c64a2449704825f055ce2f2ca4f74463a7f4b1138d9d5a8f5533b42a73e9cf;24/02/2017;2017;02;24
e7457ff76035381790888d5625dc90aafca50053372d7573fdae271549ab78dc;03/09/2017;2017;09;03
ce5647d84e9d07ef4f5fd8cd926209bccdb3b62d292a63b016bf31119dc3d816;26/10/2017;2017;10;26
f2b6ceaf523d75eeedd5464a735c217b339bbc1a004d33b83d48cfa03f2b143e;27/10/2017;2017;10;27
343f633babd686bb17d31c782092f91b65ae4788362df5ed495d6378618ff7ff;03/03/2019;2019;03;03
af7358b3a664cea256a57ac6f0e2fe09889bfae300afa005a57843d2167b943b;19/03/2017;2017;03;19
5b330e1cbbc8542374711eecca57c74fe4045771d752012f12bc1caec8571dc2;02/04/2017;2017;04;02
5e0139f4ff6219e94715689f10be9e87526e12812b3344bc818e713cd779863b;28/05/2017;2017;05;28
84b1ff66d990125be3f47887f8de04ebb90ac222d12ddd640536763da541cfc1;19/03/2018;2018;03;19
d5d9d6bb743429cdb392b10ba0559d7beb4ae7ebcac076ae68af2c3bae5c58f2;25/10/2017;2017;10;25
6fc6d717b76925ee0ab031025516514fdf3f3a26cf8b8eb96b27dfbb7b3cda52;13/10/2018;2018;10;13
69371e5539b1c57c8154193ad588f95650b262eacdc24e739f4aae9a8c82760c;01/03/2017;2017;03;01
b4cad234ef62ef9f5e274d3d40a707f41099445cb3874ca2ffcb9ca5bb500f27;24/12/2018;2018;12;24
4cde5be765caa7b135444c3fcc05d225d759d102bc85c092b0bba631de8c5d45;20/08/2017;2017;08;20
6974c0f348887ac9a40c7b06abcaaa1ec5908b0b5a2bd354ebe653227b59ee73;23/01/2018;2018;01;23
c276a363b5cb123997f5937c36fc05f64f6e8aa6a1fb5ca27986ccd0577825e1;24/11/2018;2018;11;24
9967735a9ad95080bfbb3faca2b7cb313e9b20899a28dacce6c863c5a9cc2e0b;11/09/2018;2018;09;11
5a1ec4fb21cad32ba2f1fcfe447bd7b5b28ea7bcc263619774f769d14221873d;02/11/2017;2017;11;02
549dfafc9fb5709afeb9a1dabe0002c804ba7de950e4db22c98e88b18f269a85;31/01/2019;2019;01;31
30050e8c2e27c1cb8dd8d5fd8d496628b13d20fc96b56ed82c4f29a7666ea635;03/09/2018;2018;09;03
a5b73cf9660e615e04a30305ec0317b7c41b35d0580c36a0519ec3bc6485a53e;30/09/2017;2017;09;30
0ed0beb8fd576565fb485effa0ebc3be71fdaa8dfd29bf217e5a51de22953b9f;24/03/2018;2018;03;24
94641caecb693b96f81f5d5a18dcd9d4e6ccb9de517f619b12e0bb976828cf30;06/07/2017;2017;07;06
8793ffd44b1db9e67f9b41433e1dbca455c6f6dd7052053c761971d4d9453a6d;17/09/2017;2017;09;17
1690c7287a38f9366113b519c5c71507b98deb33729b53bb0c0f434e21a1c467;02/10/2018;2018;10;02
7a07d8ce1d9136993184ac4eefde5c059d496908d3d98d3c878a4434ddd37b97;31/12/2017;2017;12;31
b127ad92ec29497d43eea1d639d3ce8d617cb85191812df470aac24a29e8b5b9;22/03/2017;2017;03;22
0284757fe952dde218cbf0fd83c7b18f58e3dc54eda9bf26f806f9a3471f5e03;09/01/2018;2018;01;09
65439271e0996a94f6ec9211e10db58124b11355c9b79d3bd7882ccfa715cb2e;06/08/2018;2018;08;06
1d8b6d135262772c4b0889d7129ca4cbbde4d402c8d8e0efcb46ad7ea9756301;22/10/2017;2017;10;22
771b4361ea0859075f87d08c781984f1c0cc683e7acee4867fa534e5f77b0d10;27/10/2018;2018;10;27
9ffe198c043b0ae45afe1814007066d9bdc34a165aad56b3fbcc6f8355dd218f;26/12/2018;2018;12;26
6ddf1c285428cfdbcfa9685d651fd8c7dc1ad9228b039ca906bf9ef800bc5b47;19/08/2017;2017;08;19
ab8590dcb0919eeef71f029613a64211aa049217fe4657b76eacfae5bb2ecd3d;18/08/2017;2017;08;18
b2c7ba16a2aabb35138398a108c8c0ebd9390c59e83553261d262fa47d85a581;22/09/2017;2017;09;22
19ae7077819d03c14e203633e689b0d47c9bbc3959c32f61f8eb3e76bc54df57;08/12/2018;2018;12;08
15f6a05f5f6ad1631a7edbb409c8cf8eb65bbe0590b10df4f74bf728497eeca8;28/10/2017;2017;10;28
c1598233cf186c379ec0a43a430d90fff250aaa1d0f179626cb53560d2dd36aa;07/04/2018;2018;04;07
b63e4f8e9cf9692caa6d1ce361db1ce6374d9a6d59ca5367d0c2ed2678d1d680;23/12/2017;2017;12;23
efabc007e09d8871e6572c893a3a930325b3c43f41b29e94ae780281e5cae3bc;19/11/2017;2017;11;19
9a75301d47afd3dc3345ddd962e07367ab41c6ce9ddeb8d49d8e95d35e3c83e4;29/01/2019;2019;01;29
67f9e6758c50cf36f8acd609d912a2958323159c351593c7d4d970b0432d1f1b;02/12/2017;2017;12;02
235f9a103901741e0c8efac4aa2ca146240a49e818975ba6321366faa6b8e0e2;02/09/2017;2017;09;02
d05a4ac46fbe2bdfcd3545ffe200d28f3a3f3d39d317995c58ff8e0f5530890d;28/02/2019;2019;02;28
64be2c43a32ab95554c598e2b70244f1f755067138e27432b55808af51c8b83b;04/06/2018;2018;06;04
c322ac960072b4a7208076c37a66f428d7f1b8c44b9a26f21b214962f619c5d8;25/11/2017;2017;11;25
1f33367bb0d6fc089fbde3f31a61878eb1e7105106044ff5216154da214a4d5a;19/11/2018;2018;11;19
373fe9ad80917863109c80c9bc5fa8e5dee65e01db967054387fb53d2878dc4a;17/03/2019;2019;03;17
79207bbbde655b851ce8efd08ea3cb4d32582a54c2d0157f3cc42d25820a25fb;06/04/2017;2017;04;06
4b517a459142d6ecc5ac28a414a3c9c6cc288c22cc9fff031028625fa5d38a28;31/05/2017;2017;05;31
ec7e307ebf6a1695f63cc09d0032503c61e223158350f4afc1900d4ff1c0a48d;12/01/2017;2017;01;12
8eb0d5163320b40eef48a58e7e488332d941ffdf1bb13b0512adc683f0d07187;12/03/2017;2017;03;12
829d08b04338a5860fb8732d7bf5209be1a0fa60f686d6c523c310cd84fb92c9;22/04/2017;2017;04;22
70a5bf5085346d1c104ae5c6e1ac20a23de16d262593b2dd9885be255b0494ba;08/07/2018;2018;07;08
56dde474877aae35a4360de6ca132763df1ba1ea55ed39f3b36f8b90068f2802;27/07/2017;2017;07;27
201e632c798a403db796468d9682ecdfc3f0df3ee51a7ce76998dabc8a8c7341;10/08/2017;2017;08;10
f6ca5a395ef7246e99b2c7cf43aad2070b0a53cc32222d672e8ea30f0261577c;19/06/2017;2017;06;19
dea022d4f2f0e092eaf9f48651f2a4e5126bf11f0df12d5c2ae584d5e039a675;29/05/2018;2018;05;29
6cc642225af1ebaa7e1fc09a9dd52cadee05904a4468bbb47cb920e91ecf2804;05/06/2018;2018;06;05
213f1beaaeb13adeecc21e72df28df9c7b6a7484cfbc4e9a8e3f1040f85f7301;01/08/2018;2018;08;01
4a6c168da89af49429c3f01fd9f3c34901fc2f538dfb251d5091eba02f9f0e3d;03/10/2018;2018;10;03
026462b392880a730b47b41ceb639313e00ecfdc93a03812fa1f56302aaeabf8;13/05/2018;2018;05;13
d26a42abd6a35ac00d66b979ff70efd0d4058bbf1c588a97b0378f820d23bc2f;10/01/2018;2018;01;10
45f1d231f933f4f28817efec64ffeeb8046019f7a1b17bf622a08db8491a452b;18/10/2017;2017;10;18
b176f32554daf05986abf36f72aa349bdba2fa7c0ac7678ddf735fad6251dd78;20/04/2017;2017;04;20
97ed03fc7e5b61f398c4e6ac1e25e6cb57cef54163f612806b1af2f2e4705415;21/05/2018;2018;05;21
631ddfa0659ab533c8f3204afc21f3f568c01627f14cc51aa39b3b5bbacbd1f8;21/06/2018;2018;06;21
23a20b5443c37c6a7c6fb111f7d28c5954adf01900d618b668bfbe02054a5d39;26/02/2017;2017;02;26
e63a856febd83ef49a73486df2a9e1f65ff6a1ebcd3beff63ac60a7d7c4eb688;30/04/2018;2018;04;30
236665567848a07de38f6c566e9e5b50f6f473318a1769af03535aeed633c654;18/06/2017;2017;06;18
55fc4909d6d6c058a85666ad78cabdca1a6c15f154e8567da5594edf6d831686;01/09/2017;2017;09;01
e236c60fc4c8ed8a1349179afe50a2498ce461179f6178d110ff5132a741db2f;01/11/2017;2017;11;01
2bc749bf6e12733523ac1e02e3cbfd689e1e797a39c3c2650d47de6e7118a2ca;17/09/2018;2018;09;17
cf5f0f5ea6e063f40062dd15466891b6a07f0e5d1d276d9f8d67c19d67ef8213;20/07/2017;2017;07;20
24831cf043b68c7e6d24a3a267bd60f5d5b69ce3b671646a069373683165b603;16/01/2019;2019;01;16
0c192271d0f60f51564c04afd4f0fee8dc60f4bc6b1765066ecb0d586047ba79;08/08/2018;2018;08;08
d0f09726e4ba4e30082a3108f3ef4952dbd97acd70652f216259aa082648dd90;17/02/2017;2017;02;17
b0b3cdc1a350099460af3bcfa624f2225ccfaa433e0892abca3e7a3ef8ddb0be;02/12/2018;2018;12;02
677acd2aa7f42480dea0bbfc647471ddb683a008cae87d44f6e6b3ea8d0465fa;19/02/2017;2017;02;19
c2cd1d04c46a5c130661b47a685dd045812b2150978d8f9ce44f1a3d590bb373;05/10/2017;2017;10;05
5d63ae60102fc86335d10c51aa577159a1c6f60b52cacf4ac67a717e960266c9;13/01/2019;2019;01;13
0f6236c6c2a5150108ded51da5e26433ec530ae9341fcd2e8e14382acd34fc65;08/05/2018;2018;05;08
173751af49e84843678e64f70bdc258b5c8eb47e73614855090afb89ebb10521;13/01/2017;2017;01;13
a513665d6c2636104d35ced8ebab83e958f62075ad20822800e6f78ba8fb396e;16/05/2018;2018;05;16
87bd6ddc23c3582425fb709c5ad5d8f7fc47ecce374f6d0749c9b6acaf0e0393;22/07/2018;2018;07;22
39b5fcfe1b86d175af76a0433fc79471201fb8bd57dc3b8f0991514c0b95c267;11/11/2018;2018;11;11
70cc824f5a708a80ed36f7ce5e25472df53799a9bc33f3f03d103357c945da4f;28/04/2017;2017;04;28
7b66bac7d5adb36d43b7cdc9642f437526586fe4bc1e18edbff3ae7dce91db21;15/02/2018;2018;02;15
0b959446d34f575317b72b732540dfebd767c649698086c5d27c2a6f3290597e;06/06/2018;2018;06;06
6e7492755145d1ccb5d73280834aa0d8f2a8442a997cfb1fbab42cb75f905b58;19/12/2018;2018;12;19
2385a781d611d297af74fef48f04694c5cd8eddb2a537aedba67920b46a3ccee;12/12/2018;2018;12;12
4fa0717ee21ec87c7a2c318c42d3a47959b1cf21a7ab02cdc45facf730cd8822;06/11/2018;2018;11;06
a41126d96e70df04cbf8e9ba991a9b10a53cabb0c776d6ac7fd0fc0b0e08ce68;11/12/2018;2018;12;11
3613cfa23487023a2745a0f373874e9ece85efb25fe8f4b249d3514e00613ab3;16/03/2017;2017;03;16
8a9c0778d219ca10e562c8a421a3b2044dc82d3398b5398bafdb220c18a17b1b;21/01/2017;2017;01;21
dbe99d6bf38156b1ec2ea079081c258993559d9caf6c619756dbc92304cba1fa;20/02/2018;2018;02;20
fdc5755ba2a53bcb5acb07e8bdf80f27239268a62d9faac06583883139b9938d;15/05/2018;2018;05;15
e5dca751a000ecb40dc8d15c47158ee5693775577d72f8928f4489038a11bd71;05/07/2017;2017;07;05
8653d6ca154585978ad7545510cd95b3c454212053b3f653a2a0b1e5d3a078fb;20/11/2018;2018;11;20
f67dea14d69996fc0326ddfb57bab4fc4765befb319d45804c5aa77b1b67f2fe;01/12/2017;2017;12;01
23c7183d2e3624ea490caf9dad78ee41a0a4be0d2d5ba7876ad002f41bac3dc7;09/07/2017;2017;07;09
895c31766bf8d1779fc1b596b0c49dbefef87977252f2367224e5fe48fa95e40;14/02/2019;2019;02;14
b490f13d380ef9fca5379fece181c73bd30ba203a0985805b185fbf785d0c583;12/07/2017;2017;07;12
055588221b8dcc414dc46696429f8b5e692fc065c73e97454d3fb89218e945c8;05/02/2019;2019;02;05
299258860fd782a67341f5a2c8f3531bee140821adc0e3338a06d7abdd9b9b2e;23/04/2018;2018;04;23
6ee3ba0138aa02be981ef7eea1f80bb5735bd49de95df99205b38fa303814cda;14/05/2017;2017;05;14
642cd17cfe70fd395c96820a3fe78b58940cad26c61ea6249861a61f2b9145c8;10/06/2017;2017;06;10
987b9651cb2898dc357d91c69ea0eeb8f934b7172b5262cb443655b8db508a1f;16/10/2018;2018;10;16
6065cf22d12940fd5c7756d704c422aadc4b2eb651c76128d60424499ddae79b;08/11/2017;2017;11;08
5dba37d7a960fb42b4d6bb21af1e7351b7d545bc312f6300810f3e14c43ffda0;18/12/2018;2018;12;18
f0b40ca528f8a2fa7f16613310f22ad42179ac0be316c60a52d95913f6126190;10/12/2017;2017;12;10
1351803d71f1415fc2c8926fab8bef7b8603439ef822ca7d811b591a5a39656d;14/05/2018;2018;05;14
c794106b5d56b7b739d11f3578201ad4602b45748ee6bb4043d4388f8ac82b5d;20/12/2017;2017;12;20
6f7d108bcd10f453e66d9d1ed98c214ec4d026266b6359dccbe1bc24354c538f;09/01/2019;2019;01;09
5b3e32d5160eb7399f5000bd155951b34bfbaaaaa473704154aa1ba8bec35233;01/02/2017;2017;02;01
79888fd49e33520f624dda78dc6ddd6aca12bc8f3d50f4b7e6b82c4288615642;01/01/2018;2018;01;01
94ecc596f808a497c62ca8dc23e66b69ddc48448026d546750c3488793c1a3a4;02/01/2018;2018;01;02
53eeb8388b7a14af7f73e8df0275ba90605519aa5a62973757461779c2d134ee;14/07/2018;2018;07;14
ae5194d34ab1c3e57a4eba0e0a6ceb4d7aaaa5df6630fac1dadfd5fe304bef8b;02/08/2017;2017;08;02
f35d3c6afeccbb1cc66887fd3e087e4317acc87a3f77d22f58ae9dce50114f52;18/01/2018;2018;01;18
2fc5ce5e9ea5ca5691cffaf336e33819115a2f16735165da4c67ce68e5d6e157;28/06/2018;2018;06;28
44e20be5655208d0598d89e3780a92d0125cd1eb272c100ebf4ed2ebaa220c50;29/01/2018;2018;01;29
f84d1e1a38992d3bbc2150d823f878eaf70e066e2dca5be2e9d34b8df87fa63d;08/02/2018;2018;02;08
ab758045df8193fb17ef909f71ae6dadf28ea401a8acb0a3ccafca634253e8d3;18/04/2018;2018;04;18
b64d86b572ccb5d460d22a719b06ca0acd73b9db6961508021076fa94a484056;15/07/2018;2018;07;15
d13be936c4ef00b700bb0e440726925950276e1ea0e9ddd39b4a495f9fdb1008;01/01/2019;2019;01;01
0fb26625db4bbea36b61c605d96be510d2a611d5ee453676af0ee1b030e80690;31/01/2018;2018;01;31
166bd41ff6d522f076d340591e259d2d39d6a2da93d927d7617a87ad64976341;08/02/2017;2017;02;08
b8b83e4726e1ec6dd26cce128feb394251c4594bff74e4b1f35c523151bc05ef;18/07/2018;2018;07;18
